{
"meta":{"test_sets":[],"test_metrics":[],"learn_metrics":[{"best_value":"Min","name":"RMSE"}],"launch_mode":"Train","parameters":"","iteration_count":1000,"learn_sets":["learn"],"name":"experiment"},
"iterations":[
{"learn":[365954.0983],"iteration":0,"passed_time":0.04914005546,"remaining_time":49.09091541},
{"learn":[352886.1971],"iteration":1,"passed_time":0.05153670027,"remaining_time":25.71681344},
{"learn":[341049.9719],"iteration":2,"passed_time":0.05381892556,"remaining_time":17.88582293},
{"learn":[328746.8192],"iteration":3,"passed_time":0.05575261062,"remaining_time":13.88240004},
{"learn":[317463.3161],"iteration":4,"passed_time":0.05766308878,"remaining_time":11.47495467},
{"learn":[308097.2028],"iteration":5,"passed_time":0.05935559755,"remaining_time":9.833243994},
{"learn":[298370.9355],"iteration":6,"passed_time":0.06100554362,"remaining_time":8.654072116},
{"learn":[289586.9396],"iteration":7,"passed_time":0.06253062104,"remaining_time":7.753797009},
{"learn":[280596.8517],"iteration":8,"passed_time":0.06421805725,"remaining_time":7.071121637},
{"learn":[272359.1328],"iteration":9,"passed_time":0.06583983729,"remaining_time":6.518143892},
{"learn":[264924.5987],"iteration":10,"passed_time":0.06731800091,"remaining_time":6.052500264},
{"learn":[258018.3683],"iteration":11,"passed_time":0.06881494702,"remaining_time":5.665763972},
{"learn":[251206.4233],"iteration":12,"passed_time":0.07023586963,"remaining_time":5.332523333},
{"learn":[244703.5122],"iteration":13,"passed_time":0.07195184996,"remaining_time":5.067466004},
{"learn":[238160.9894],"iteration":14,"passed_time":0.07347480237,"remaining_time":4.824845356},
{"learn":[232721.6866],"iteration":15,"passed_time":0.07482932189,"remaining_time":4.602003296},
{"learn":[228178.3121],"iteration":16,"passed_time":0.07626967052,"remaining_time":4.410181536},
{"learn":[223348.6405],"iteration":17,"passed_time":0.07769541491,"remaining_time":4.238716524},
{"learn":[218695.6955],"iteration":18,"passed_time":0.07911645171,"remaining_time":4.084907323},
{"learn":[214189.6738],"iteration":19,"passed_time":0.08063761168,"remaining_time":3.951242972},
{"learn":[209964.8058],"iteration":20,"passed_time":0.08198226849,"remaining_time":3.821935279},
{"learn":[205831.4587],"iteration":21,"passed_time":0.08336396098,"remaining_time":3.705906992},
{"learn":[201916.2497],"iteration":22,"passed_time":0.08480436361,"remaining_time":3.602341881},
{"learn":[198342.3228],"iteration":23,"passed_time":0.08625791755,"remaining_time":3.50782198},
{"learn":[194503.2847],"iteration":24,"passed_time":0.08767337563,"remaining_time":3.419261649},
{"learn":[191341.2604],"iteration":25,"passed_time":0.0890374384,"remaining_time":3.335479423},
{"learn":[188195.0166],"iteration":26,"passed_time":0.09061249213,"remaining_time":3.265405735},
{"learn":[185096.1648],"iteration":27,"passed_time":0.0921309615,"remaining_time":3.198260521},
{"learn":[182658.1508],"iteration":28,"passed_time":0.09343134959,"remaining_time":3.128339326},
{"learn":[179642.8468],"iteration":29,"passed_time":0.09472196603,"remaining_time":3.062676901},
{"learn":[177144.4598],"iteration":30,"passed_time":0.09614439867,"remaining_time":3.005287817},
{"learn":[174742.0883],"iteration":31,"passed_time":0.09755376798,"remaining_time":2.951001482},
{"learn":[172371.5443],"iteration":32,"passed_time":0.09892660472,"remaining_time":2.898849296},
{"learn":[170267.7333],"iteration":33,"passed_time":0.1002456071,"remaining_time":2.848154601},
{"learn":[168658.3582],"iteration":34,"passed_time":0.101550445,"remaining_time":2.799890842},
{"learn":[165897.7793],"iteration":35,"passed_time":0.1037700574,"remaining_time":2.778731537},
{"learn":[164289.9852],"iteration":36,"passed_time":0.1051713449,"remaining_time":2.737297435},
{"learn":[161831.2649],"iteration":37,"passed_time":0.1065234901,"remaining_time":2.696726251},
{"learn":[160146.5893],"iteration":38,"passed_time":0.1078877906,"remaining_time":2.658465814},
{"learn":[158654.6368],"iteration":39,"passed_time":0.1092230176,"remaining_time":2.621352421},
{"learn":[156453.7848],"iteration":40,"passed_time":0.1107218348,"remaining_time":2.589810722},
{"learn":[154636.9429],"iteration":41,"passed_time":0.1121840292,"remaining_time":2.558864286},
{"learn":[153393.0183],"iteration":42,"passed_time":0.1135177462,"remaining_time":2.526429839},
{"learn":[151727.0795],"iteration":43,"passed_time":0.1149146694,"remaining_time":2.496782363},
{"learn":[150514.2656],"iteration":44,"passed_time":0.116232286,"remaining_time":2.466707403},
{"learn":[149495.8332],"iteration":45,"passed_time":0.1176592218,"remaining_time":2.440149947},
{"learn":[148358.1015],"iteration":46,"passed_time":0.1190857779,"remaining_time":2.414654177},
{"learn":[147364.3774],"iteration":47,"passed_time":0.1203972247,"remaining_time":2.387878289},
{"learn":[146203.3862],"iteration":48,"passed_time":0.1217875692,"remaining_time":2.363673027},
{"learn":[144595.5439],"iteration":49,"passed_time":0.1232142241,"remaining_time":2.341070258},
{"learn":[143562.5741],"iteration":50,"passed_time":0.1245970285,"remaining_time":2.318481961},
{"learn":[142171.9465],"iteration":51,"passed_time":0.1259794385,"remaining_time":2.296702072},
{"learn":[141347.9092],"iteration":52,"passed_time":0.1273143415,"remaining_time":2.274843045},
{"learn":[140378.6836],"iteration":53,"passed_time":0.1286448632,"remaining_time":2.253667418},
{"learn":[139748.0338],"iteration":54,"passed_time":0.1301064225,"remaining_time":2.235464897},
{"learn":[138951.214],"iteration":55,"passed_time":0.1314720231,"remaining_time":2.216242676},
{"learn":[138266.6246],"iteration":56,"passed_time":0.1328312039,"remaining_time":2.197540795},
{"learn":[137114.9798],"iteration":57,"passed_time":0.1341745807,"remaining_time":2.179180258},
{"learn":[136430.8441],"iteration":58,"passed_time":0.1355033755,"remaining_time":2.161164006},
{"learn":[135877.8456],"iteration":59,"passed_time":0.1369425019,"remaining_time":2.14543253},
{"learn":[135023.193],"iteration":60,"passed_time":0.1383795974,"remaining_time":2.130138393},
{"learn":[134486.2121],"iteration":61,"passed_time":0.1396364591,"remaining_time":2.112564494},
{"learn":[133658.1152],"iteration":62,"passed_time":0.1410066832,"remaining_time":2.097194637},
{"learn":[132754.2041],"iteration":63,"passed_time":0.1439809349,"remaining_time":2.105721172},
{"learn":[132046.6507],"iteration":64,"passed_time":0.1453642516,"remaining_time":2.09100885},
{"learn":[131544.2871],"iteration":65,"passed_time":0.146704501,"remaining_time":2.076090968},
{"learn":[130975.3964],"iteration":66,"passed_time":0.1480523299,"remaining_time":2.061683937},
{"learn":[130515.829],"iteration":67,"passed_time":0.1494852155,"remaining_time":2.048826777},
{"learn":[129925.2969],"iteration":68,"passed_time":0.1509239237,"remaining_time":2.036379318},
{"learn":[129168.0096],"iteration":69,"passed_time":0.1522622278,"remaining_time":2.022912456},
{"learn":[128587.0903],"iteration":70,"passed_time":0.153561457,"remaining_time":2.009275965},
{"learn":[128159.026],"iteration":71,"passed_time":0.1548919455,"remaining_time":1.996385075},
{"learn":[127605.5429],"iteration":72,"passed_time":0.1570946426,"remaining_time":1.994886763},
{"learn":[127130.4657],"iteration":73,"passed_time":0.1584739308,"remaining_time":1.983065675},
{"learn":[126630.7598],"iteration":74,"passed_time":0.1601329008,"remaining_time":1.974972444},
{"learn":[126071.8025],"iteration":75,"passed_time":0.1615958992,"remaining_time":1.964665933},
{"learn":[125564.6602],"iteration":76,"passed_time":0.1629140135,"remaining_time":1.952852396},
{"learn":[125118.8911],"iteration":77,"passed_time":0.1642703563,"remaining_time":1.941759853},
{"learn":[124568.6886],"iteration":78,"passed_time":0.1657283146,"remaining_time":1.932098453},
{"learn":[124199.3036],"iteration":79,"passed_time":0.1670171594,"remaining_time":1.920697333},
{"learn":[123836.3598],"iteration":80,"passed_time":0.1686183722,"remaining_time":1.913089927},
{"learn":[123281.1833],"iteration":81,"passed_time":0.1702607064,"remaining_time":1.906089372},
{"learn":[123005.668],"iteration":82,"passed_time":0.1718603644,"remaining_time":1.898746436},
{"learn":[122660.0801],"iteration":83,"passed_time":0.1733627133,"remaining_time":1.890479112},
{"learn":[122274.0418],"iteration":84,"passed_time":0.1748757629,"remaining_time":1.882486154},
{"learn":[121907.8086],"iteration":85,"passed_time":0.1763287003,"remaining_time":1.874005024},
{"learn":[121184.6835],"iteration":86,"passed_time":0.1780177484,"remaining_time":1.868163268},
{"learn":[120919.7418],"iteration":87,"passed_time":0.1794877654,"remaining_time":1.860145932},
{"learn":[120555.8662],"iteration":88,"passed_time":0.1809346025,"remaining_time":1.852038459},
{"learn":[120252.6833],"iteration":89,"passed_time":0.1825581526,"remaining_time":1.845865765},
{"learn":[119933.169],"iteration":90,"passed_time":0.1841387812,"remaining_time":1.839364309},
{"learn":[119654.6337],"iteration":91,"passed_time":0.1855394059,"remaining_time":1.831193267},
{"learn":[119281.6084],"iteration":92,"passed_time":0.1869231254,"remaining_time":1.823002954},
{"learn":[118742.3691],"iteration":93,"passed_time":0.1883267809,"remaining_time":1.815149612},
{"learn":[118536.2631],"iteration":94,"passed_time":0.1897974854,"remaining_time":1.808070782},
{"learn":[118147.7011],"iteration":95,"passed_time":0.1913658763,"remaining_time":1.802028669},
{"learn":[117904.2907],"iteration":96,"passed_time":0.1933671875,"remaining_time":1.800108972},
{"learn":[117186.5476],"iteration":97,"passed_time":0.1948240454,"remaining_time":1.793176418},
{"learn":[116943.9613],"iteration":98,"passed_time":0.1961643797,"remaining_time":1.785294001},
{"learn":[116736.6846],"iteration":99,"passed_time":0.1976265286,"remaining_time":1.778638757},
{"learn":[116427.1553],"iteration":100,"passed_time":0.1990655277,"remaining_time":1.771880291},
{"learn":[116212.4448],"iteration":101,"passed_time":0.2005953566,"remaining_time":1.766025787},
{"learn":[115926.7414],"iteration":102,"passed_time":0.2020188572,"remaining_time":1.759329271},
{"learn":[115699.4748],"iteration":103,"passed_time":0.2041447677,"remaining_time":1.758785691},
{"learn":[115194.1491],"iteration":104,"passed_time":0.2057812901,"remaining_time":1.75404052},
{"learn":[114938.8478],"iteration":105,"passed_time":0.2072935256,"remaining_time":1.748305773},
{"learn":[114684.881],"iteration":106,"passed_time":0.2088926088,"remaining_time":1.743374763},
{"learn":[114464.5843],"iteration":107,"passed_time":0.2107940592,"remaining_time":1.741002785},
{"learn":[114227.0976],"iteration":108,"passed_time":0.2121925642,"remaining_time":1.734528208},
{"learn":[113967.4678],"iteration":109,"passed_time":0.213674376,"remaining_time":1.728819951},
{"learn":[113538.891],"iteration":110,"passed_time":0.215239763,"remaining_time":1.723857201},
{"learn":[113287.5894],"iteration":111,"passed_time":0.2167489353,"remaining_time":1.718509415},
{"learn":[112858.524],"iteration":112,"passed_time":0.2181994514,"remaining_time":1.712769145},
{"learn":[112679.2373],"iteration":113,"passed_time":0.2194695793,"remaining_time":1.705702169},
{"learn":[112416.61],"iteration":114,"passed_time":0.2208278187,"remaining_time":1.699414083},
{"learn":[112282.566],"iteration":115,"passed_time":0.2232793697,"remaining_time":1.701542783},
{"learn":[112135.3509],"iteration":116,"passed_time":0.2246765954,"remaining_time":1.695636186},
{"learn":[111867.7608],"iteration":117,"passed_time":0.2260229876,"remaining_time":1.68942606},
{"learn":[111620.1683],"iteration":118,"passed_time":0.2274315236,"remaining_time":1.68375775},
{"learn":[111412.7223],"iteration":119,"passed_time":0.2290511894,"remaining_time":1.679708722},
{"learn":[111165.7785],"iteration":120,"passed_time":0.2304710649,"remaining_time":1.67424848},
{"learn":[110989.0722],"iteration":121,"passed_time":0.2317603874,"remaining_time":1.667914919},
{"learn":[110851.8082],"iteration":122,"passed_time":0.2330546095,"remaining_time":1.661698314},
{"learn":[110693.6183],"iteration":123,"passed_time":0.2343743951,"remaining_time":1.655741694},
{"learn":[110513.6621],"iteration":124,"passed_time":0.2358945026,"remaining_time":1.651261518},
{"learn":[110303.2029],"iteration":125,"passed_time":0.2372815091,"remaining_time":1.645905071},
{"learn":[110088.3262],"iteration":126,"passed_time":0.2386534639,"remaining_time":1.640507669},
{"learn":[109926.1886],"iteration":127,"passed_time":0.24001186,"remaining_time":1.635080796},
{"learn":[109782.6085],"iteration":128,"passed_time":0.241880321,"remaining_time":1.633160927},
{"learn":[109579.2573],"iteration":129,"passed_time":0.2434905439,"remaining_time":1.62951364},
{"learn":[109379.9783],"iteration":130,"passed_time":0.2448497663,"remaining_time":1.624232419},
{"learn":[109215.0007],"iteration":131,"passed_time":0.2463503776,"remaining_time":1.619940362},
{"learn":[109021.3228],"iteration":132,"passed_time":0.2480325522,"remaining_time":1.616873855},
{"learn":[108604.732],"iteration":133,"passed_time":0.2494701886,"remaining_time":1.612247637},
{"learn":[108444.3493],"iteration":134,"passed_time":0.2508532075,"remaining_time":1.6073187},
{"learn":[108146.2972],"iteration":135,"passed_time":0.2522257047,"remaining_time":1.602375065},
{"learn":[108049.2755],"iteration":136,"passed_time":0.2535300327,"remaining_time":1.597054147},
{"learn":[107859.6019],"iteration":137,"passed_time":0.2560392513,"remaining_time":1.599317642},
{"learn":[107686.9281],"iteration":138,"passed_time":0.2574677164,"remaining_time":1.594818013},
{"learn":[107543.5144],"iteration":139,"passed_time":0.2589200435,"remaining_time":1.590508838},
{"learn":[107365.4116],"iteration":140,"passed_time":0.2602893802,"remaining_time":1.585734593},
{"learn":[107245.1139],"iteration":141,"passed_time":0.2617404125,"remaining_time":1.581501929},
{"learn":[107085.3643],"iteration":142,"passed_time":0.2631783961,"remaining_time":1.577229968},
{"learn":[106961.4244],"iteration":143,"passed_time":0.2644706384,"remaining_time":1.572131017},
{"learn":[106785.0901],"iteration":144,"passed_time":0.2657762078,"remaining_time":1.567163156},
{"learn":[106602.7036],"iteration":145,"passed_time":0.2672047099,"remaining_time":1.562964536},
{"learn":[106491.5624],"iteration":146,"passed_time":0.2685764988,"remaining_time":1.558474513},
{"learn":[106334.855],"iteration":147,"passed_time":0.2699533008,"remaining_time":1.554055489},
{"learn":[106215.7483],"iteration":148,"passed_time":0.271471683,"remaining_time":1.550485921},
{"learn":[106008.038],"iteration":149,"passed_time":0.2728943371,"remaining_time":1.546401244},
{"learn":[105932.0603],"iteration":150,"passed_time":0.2743585616,"remaining_time":1.542585555},
{"learn":[105863.0331],"iteration":151,"passed_time":0.2756347744,"remaining_time":1.537751899},
{"learn":[105672.2514],"iteration":152,"passed_time":0.2769663479,"remaining_time":1.53327122},
{"learn":[105521.8117],"iteration":153,"passed_time":0.2781854817,"remaining_time":1.52821375},
{"learn":[105376.3651],"iteration":154,"passed_time":0.2794783304,"remaining_time":1.523607672},
{"learn":[105227.4874],"iteration":155,"passed_time":0.2808069617,"remaining_time":1.519237664},
{"learn":[105041.7483],"iteration":156,"passed_time":0.28216683,"remaining_time":1.515074125},
{"learn":[104941.0074],"iteration":157,"passed_time":0.2835888977,"remaining_time":1.511277543},
{"learn":[104827.4024],"iteration":158,"passed_time":0.2851208463,"remaining_time":1.508092023},
{"learn":[104579.8063],"iteration":159,"passed_time":0.2865656525,"remaining_time":1.504469675},
{"learn":[104417.2528],"iteration":160,"passed_time":0.2879968521,"remaining_time":1.500803472},
{"learn":[104259.0583],"iteration":161,"passed_time":0.2893386501,"remaining_time":1.4967024},
{"learn":[104032.3149],"iteration":162,"passed_time":0.2907164499,"remaining_time":1.492820052},
{"learn":[103862.4066],"iteration":163,"passed_time":0.2920981331,"remaining_time":1.488988044},
{"learn":[103746.3017],"iteration":164,"passed_time":0.2933971377,"remaining_time":1.484767333},
{"learn":[103612.4818],"iteration":165,"passed_time":0.2954184883,"remaining_time":1.484210959},
{"learn":[103484.7222],"iteration":166,"passed_time":0.2968437905,"remaining_time":1.480663937},
{"learn":[103224.4255],"iteration":167,"passed_time":0.2983371016,"remaining_time":1.477478979},
{"learn":[103123.9723],"iteration":168,"passed_time":0.2997078588,"remaining_time":1.473711424},
{"learn":[102981.2438],"iteration":169,"passed_time":0.3012401068,"remaining_time":1.470760522},
{"learn":[102898.5946],"iteration":170,"passed_time":0.3025759079,"remaining_time":1.466873846},
{"learn":[102731.9947],"iteration":171,"passed_time":0.3039959632,"remaining_time":1.463422428},
{"learn":[102522.5809],"iteration":172,"passed_time":0.3053824374,"remaining_time":1.459833964},
{"learn":[102397.462],"iteration":173,"passed_time":0.3068351703,"remaining_time":1.456585349},
{"learn":[102310.5329],"iteration":174,"passed_time":0.3082673059,"remaining_time":1.453260156},
{"learn":[102187.8707],"iteration":175,"passed_time":0.3095437363,"remaining_time":1.449227493},
{"learn":[102070.0213],"iteration":176,"passed_time":0.3108086644,"remaining_time":1.44517249},
{"learn":[101844.0819],"iteration":177,"passed_time":0.3120904235,"remaining_time":1.441226563},
{"learn":[101709.8055],"iteration":178,"passed_time":0.3135047064,"remaining_time":1.437918235},
{"learn":[101564.2739],"iteration":179,"passed_time":0.3149577527,"remaining_time":1.43480754},
{"learn":[101450.4696],"iteration":180,"passed_time":0.3162877674,"remaining_time":1.431158461},
{"learn":[101298.9672],"iteration":181,"passed_time":0.3177121059,"remaining_time":1.427958806},
{"learn":[101142.2665],"iteration":182,"passed_time":0.3190110488,"remaining_time":1.424218726},
{"learn":[100990.9632],"iteration":183,"passed_time":0.3205400236,"remaining_time":1.421525322},
{"learn":[100824.9368],"iteration":184,"passed_time":0.3219557687,"remaining_time":1.418345684},
{"learn":[100675.4893],"iteration":185,"passed_time":0.3232009953,"remaining_time":1.414438764},
{"learn":[100510.0236],"iteration":186,"passed_time":0.3246355924,"remaining_time":1.411383618},
{"learn":[100357.8392],"iteration":187,"passed_time":0.3261292591,"remaining_time":1.408600843},
{"learn":[100149.8896],"iteration":188,"passed_time":0.3275598091,"remaining_time":1.405560874},
{"learn":[100039.243],"iteration":189,"passed_time":0.3289984093,"remaining_time":1.402572166},
{"learn":[99910.03321],"iteration":190,"passed_time":0.3303720454,"remaining_time":1.399324527},
{"learn":[99731.47486],"iteration":191,"passed_time":0.3317751994,"remaining_time":1.396220631},
{"learn":[99625.70237],"iteration":192,"passed_time":0.3333848235,"remaining_time":1.393997682},
{"learn":[99467.5036],"iteration":193,"passed_time":0.3352961111,"remaining_time":1.393034358},
{"learn":[99311.4404],"iteration":194,"passed_time":0.3369117483,"remaining_time":1.390840807},
{"learn":[99163.97518],"iteration":195,"passed_time":0.3385437916,"remaining_time":1.388720451},
{"learn":[99029.89281],"iteration":196,"passed_time":0.3416417028,"remaining_time":1.392580139},
{"learn":[98892.75569],"iteration":197,"passed_time":0.3432277334,"remaining_time":1.390245668},
{"learn":[98734.22367],"iteration":198,"passed_time":0.3449679863,"remaining_time":1.388539482},
{"learn":[98625.12006],"iteration":199,"passed_time":0.3466794866,"remaining_time":1.386717947},
{"learn":[98516.88173],"iteration":200,"passed_time":0.3483208547,"remaining_time":1.384618721},
{"learn":[98405.26546],"iteration":201,"passed_time":0.3502769357,"remaining_time":1.383767301},
{"learn":[98243.14704],"iteration":202,"passed_time":0.3521500163,"remaining_time":1.382579128},
{"learn":[98115.07536],"iteration":203,"passed_time":0.3539152176,"remaining_time":1.3809633},
{"learn":[97992.43813],"iteration":204,"passed_time":0.3554189546,"remaining_time":1.378332043},
{"learn":[97914.14374],"iteration":205,"passed_time":0.3575659547,"remaining_time":1.378191107},
{"learn":[97825.79166],"iteration":206,"passed_time":0.3591478002,"remaining_time":1.375865727},
{"learn":[97717.83447],"iteration":207,"passed_time":0.360826913,"remaining_time":1.373917861},
{"learn":[97623.15161],"iteration":208,"passed_time":0.3623880338,"remaining_time":1.371526004},
{"learn":[97441.83428],"iteration":209,"passed_time":0.364067487,"remaining_time":1.369587213},
{"learn":[97324.71261],"iteration":210,"passed_time":0.3657567002,"remaining_time":1.367687377},
{"learn":[97191.22732],"iteration":211,"passed_time":0.3675417441,"remaining_time":1.366145728},
{"learn":[97048.61465],"iteration":212,"passed_time":0.3692750463,"remaining_time":1.364410617},
{"learn":[96934.8366],"iteration":213,"passed_time":0.3725944601,"remaining_time":1.368501148},
{"learn":[96808.35029],"iteration":214,"passed_time":0.3742213652,"remaining_time":1.366343124},
{"learn":[96693.19332],"iteration":215,"passed_time":0.3757990169,"remaining_time":1.364011247},
{"learn":[96546.13206],"iteration":216,"passed_time":0.3773409031,"remaining_time":1.361557268},
{"learn":[96409.163],"iteration":217,"passed_time":0.3791547373,"remaining_time":1.360087177},
{"learn":[96299.49082],"iteration":218,"passed_time":0.3811171169,"remaining_time":1.359143691},
{"learn":[96212.84467],"iteration":219,"passed_time":0.382665811,"remaining_time":1.356724239},
{"learn":[96085.99295],"iteration":220,"passed_time":0.3843105163,"remaining_time":1.354651096},
{"learn":[95926.9522],"iteration":221,"passed_time":0.3865003592,"remaining_time":1.35449225},
{"learn":[95826.72793],"iteration":222,"passed_time":0.3883534281,"remaining_time":1.353141765},
{"learn":[95720.16393],"iteration":223,"passed_time":0.3900536113,"remaining_time":1.351257153},
{"learn":[95583.0911],"iteration":224,"passed_time":0.3919231572,"remaining_time":1.349957541},
{"learn":[95439.08744],"iteration":225,"passed_time":0.3934501119,"remaining_time":1.347479587},
{"learn":[95207.5722],"iteration":226,"passed_time":0.3951486331,"remaining_time":1.345594244},
{"learn":[95049.85258],"iteration":227,"passed_time":0.3966348893,"remaining_time":1.342991818},
{"learn":[94927.35172],"iteration":228,"passed_time":0.398444877,"remaining_time":1.341489084},
{"learn":[94858.63665],"iteration":229,"passed_time":0.400026562,"remaining_time":1.33921936},
{"learn":[94755.27594],"iteration":230,"passed_time":0.402069185,"remaining_time":1.338490058},
{"learn":[94641.04114],"iteration":231,"passed_time":0.4036381029,"remaining_time":1.336181306},
{"learn":[94502.61295],"iteration":232,"passed_time":0.405517682,"remaining_time":1.334901554},
{"learn":[94422.5325],"iteration":233,"passed_time":0.4070757627,"remaining_time":1.332564249},
{"learn":[94319.41886],"iteration":234,"passed_time":0.4084699583,"remaining_time":1.329700077},
{"learn":[94122.13885],"iteration":235,"passed_time":0.4102250569,"remaining_time":1.32801671},
{"learn":[93953.671],"iteration":236,"passed_time":0.4121137572,"remaining_time":1.326762855},
{"learn":[93857.32433],"iteration":237,"passed_time":0.4136889359,"remaining_time":1.32449987},
{"learn":[93760.1432],"iteration":238,"passed_time":0.4154092998,"remaining_time":1.322704925},
{"learn":[93663.97103],"iteration":239,"passed_time":0.4191195519,"remaining_time":1.327211914},
{"learn":[93531.16195],"iteration":240,"passed_time":0.4208179542,"remaining_time":1.325314636},
{"learn":[93453.37012],"iteration":241,"passed_time":0.4224747267,"remaining_time":1.323288607},
{"learn":[93270.92327],"iteration":242,"passed_time":0.4252444689,"remaining_time":1.324732769},
{"learn":[93151.81247],"iteration":243,"passed_time":0.4270888395,"remaining_time":1.323275257},
{"learn":[93034.69615],"iteration":244,"passed_time":0.4288754043,"remaining_time":1.32163645},
{"learn":[92943.68603],"iteration":245,"passed_time":0.4306940325,"remaining_time":1.320094717},
{"learn":[92813.11319],"iteration":246,"passed_time":0.4325731725,"remaining_time":1.318735218},
{"learn":[92669.05723],"iteration":247,"passed_time":0.4342578904,"remaining_time":1.31678199},
{"learn":[92545.76466],"iteration":248,"passed_time":0.4358543701,"remaining_time":1.314564787},
{"learn":[92444.18347],"iteration":249,"passed_time":0.4375824138,"remaining_time":1.312747241},
{"learn":[92357.9693],"iteration":250,"passed_time":0.4392309794,"remaining_time":1.310693241},
{"learn":[92259.66836],"iteration":251,"passed_time":0.440654767,"remaining_time":1.307975261},
{"learn":[92199.52671],"iteration":252,"passed_time":0.4421334291,"remaining_time":1.305429532},
{"learn":[92080.21074],"iteration":253,"passed_time":0.4436911687,"remaining_time":1.303124456},
{"learn":[92003.79114],"iteration":254,"passed_time":0.4451049362,"remaining_time":1.300404618},
{"learn":[91931.64416],"iteration":255,"passed_time":0.446395754,"remaining_time":1.29733766},
{"learn":[91861.48291],"iteration":256,"passed_time":0.4477550405,"remaining_time":1.294482471},
{"learn":[91698.50596],"iteration":257,"passed_time":0.4492736797,"remaining_time":1.292097172},
{"learn":[91613.41484],"iteration":258,"passed_time":0.4519587788,"remaining_time":1.293055811},
{"learn":[91539.33627],"iteration":259,"passed_time":0.4533721134,"remaining_time":1.290366784},
{"learn":[91369.09282],"iteration":260,"passed_time":0.4549121423,"remaining_time":1.288046257},
{"learn":[91258.50754],"iteration":261,"passed_time":0.4566087421,"remaining_time":1.286172716},
{"learn":[91157.60074],"iteration":262,"passed_time":0.4580888039,"remaining_time":1.28369372},
{"learn":[91087.65651],"iteration":263,"passed_time":0.4593853339,"remaining_time":1.280710628},
{"learn":[91015.26104],"iteration":264,"passed_time":0.4608466765,"remaining_time":1.278197386},
{"learn":[90956.59243],"iteration":265,"passed_time":0.4622283998,"remaining_time":1.275472351},
{"learn":[90858.0729],"iteration":266,"passed_time":0.4639657738,"remaining_time":1.273733753},
{"learn":[90691.92006],"iteration":267,"passed_time":0.4654285245,"remaining_time":1.271245074},
{"learn":[90600.48886],"iteration":268,"passed_time":0.4669010832,"remaining_time":1.268790676},
{"learn":[90517.09844],"iteration":269,"passed_time":0.4683592012,"remaining_time":1.266304507},
{"learn":[90411.93263],"iteration":270,"passed_time":0.4702715782,"remaining_time":1.265047899},
{"learn":[90365.27842],"iteration":271,"passed_time":0.4717439525,"remaining_time":1.262608814},
{"learn":[90269.11313],"iteration":272,"passed_time":0.4731567956,"remaining_time":1.26001828},
{"learn":[90210.39443],"iteration":273,"passed_time":0.47453937,"remaining_time":1.257356141},
{"learn":[90132.09754],"iteration":274,"passed_time":0.476199303,"remaining_time":1.255434526},
{"learn":[90084.6508],"iteration":275,"passed_time":0.4775882478,"remaining_time":1.252803954},
{"learn":[89980.88797],"iteration":276,"passed_time":0.4789736317,"remaining_time":1.250173053},
{"learn":[89879.93629],"iteration":277,"passed_time":0.4804138021,"remaining_time":1.2476934},
{"learn":[89804.99591],"iteration":278,"passed_time":0.48179851,"remaining_time":1.24507787},
{"learn":[89728.18687],"iteration":279,"passed_time":0.4834101102,"remaining_time":1.243054569},
{"learn":[89628.6349],"iteration":280,"passed_time":0.4849173388,"remaining_time":1.240767141},
{"learn":[89567.86751],"iteration":281,"passed_time":0.4863090367,"remaining_time":1.238191094},
{"learn":[89519.01198],"iteration":282,"passed_time":0.4877256275,"remaining_time":1.235686484},
{"learn":[89415.3203],"iteration":283,"passed_time":0.4894495631,"remaining_time":1.233964392},
{"learn":[89328.57533],"iteration":284,"passed_time":0.4910684666,"remaining_time":1.231978785},
{"learn":[89235.17136],"iteration":285,"passed_time":0.4925149287,"remaining_time":1.229565242},
{"learn":[89177.8476],"iteration":286,"passed_time":0.4939096722,"remaining_time":1.227029952},
{"learn":[89085.71482],"iteration":287,"passed_time":0.4953316866,"remaining_time":1.224570003},
{"learn":[89000.25785],"iteration":288,"passed_time":0.4978022554,"remaining_time":1.224696898},
{"learn":[88843.38661],"iteration":289,"passed_time":0.4993206105,"remaining_time":1.222474598},
{"learn":[88763.86808],"iteration":290,"passed_time":0.5008018475,"remaining_time":1.220166701},
{"learn":[88681.54485],"iteration":291,"passed_time":0.5022377239,"remaining_time":1.217754481},
{"learn":[88613.44123],"iteration":292,"passed_time":0.503636938,"remaining_time":1.215260461},
{"learn":[88481.3665],"iteration":293,"passed_time":0.5053326814,"remaining_time":1.213485963},
{"learn":[88352.75],"iteration":294,"passed_time":0.5067600191,"remaining_time":1.211070554},
{"learn":[88269.34612],"iteration":295,"passed_time":0.5081185163,"remaining_time":1.208498093},
{"learn":[88164.52475],"iteration":296,"passed_time":0.5100414575,"remaining_time":1.207269847},
{"learn":[88117.37457],"iteration":297,"passed_time":0.5114577821,"remaining_time":1.2048435},
{"learn":[88021.30881],"iteration":298,"passed_time":0.5129077843,"remaining_time":1.202502866},
{"learn":[87940.3249],"iteration":299,"passed_time":0.5143314862,"remaining_time":1.200106801},
{"learn":[87827.78156],"iteration":300,"passed_time":0.5157710725,"remaining_time":1.197754085},
{"learn":[87707.81716],"iteration":301,"passed_time":0.5174156968,"remaining_time":1.195881312},
{"learn":[87648.98956],"iteration":302,"passed_time":0.5188366264,"remaining_time":1.193495474},
{"learn":[87574.36154],"iteration":303,"passed_time":0.5201356526,"remaining_time":1.190836889},
{"learn":[87491.47068],"iteration":304,"passed_time":0.5214740532,"remaining_time":1.188276941},
{"learn":[87405.73755],"iteration":305,"passed_time":0.5238376955,"remaining_time":1.188050198},
{"learn":[87320.61106],"iteration":306,"passed_time":0.5252473495,"remaining_time":1.185656069},
{"learn":[87270.37219],"iteration":307,"passed_time":0.5266909922,"remaining_time":1.183344697},
{"learn":[87191.34906],"iteration":308,"passed_time":0.5280306258,"remaining_time":1.180806351},
{"learn":[87083.86998],"iteration":309,"passed_time":0.5295045988,"remaining_time":1.178574752},
{"learn":[87003.82449],"iteration":310,"passed_time":0.5309747717,"remaining_time":1.176339607},
{"learn":[86929.88174],"iteration":311,"passed_time":0.5323056923,"remaining_time":1.173802296},
{"learn":[86892.85408],"iteration":312,"passed_time":0.5337755033,"remaining_time":1.171577542},
{"learn":[86842.84047],"iteration":313,"passed_time":0.535152867,"remaining_time":1.169155627},
{"learn":[86712.07563],"iteration":314,"passed_time":0.5368026634,"remaining_time":1.167332776},
{"learn":[86634.6036],"iteration":315,"passed_time":0.5381855033,"remaining_time":1.164933178},
{"learn":[86584.46387],"iteration":316,"passed_time":0.5395560013,"remaining_time":1.162513403},
{"learn":[86474.25407],"iteration":317,"passed_time":0.5412450972,"remaining_time":1.16078351},
{"learn":[86436.11995],"iteration":318,"passed_time":0.543834246,"remaining_time":1.160975303},
{"learn":[86311.02697],"iteration":319,"passed_time":0.5453782294,"remaining_time":1.158928737},
{"learn":[86237.11411],"iteration":320,"passed_time":0.5467950655,"remaining_time":1.156616354},
{"learn":[86170.17017],"iteration":321,"passed_time":0.5485641395,"remaining_time":1.155051201},
{"learn":[86111.90375],"iteration":322,"passed_time":0.5502986816,"remaining_time":1.153412407},
{"learn":[86066.61117],"iteration":323,"passed_time":0.5517679116,"remaining_time":1.15121947},
{"learn":[85959.77128],"iteration":324,"passed_time":0.5532256461,"remaining_time":1.149007111},
{"learn":[85888.31268],"iteration":325,"passed_time":0.5545604147,"remaining_time":1.146545152},
{"learn":[85830.47945],"iteration":326,"passed_time":0.5559840804,"remaining_time":1.144273046},
{"learn":[85747.45226],"iteration":327,"passed_time":0.5575284519,"remaining_time":1.142253414},
{"learn":[85680.90936],"iteration":328,"passed_time":0.5589513815,"remaining_time":1.139988988},
{"learn":[85589.72399],"iteration":329,"passed_time":0.5603551489,"remaining_time":1.137690757},
{"learn":[85450.11953],"iteration":330,"passed_time":0.5622870747,"remaining_time":1.136465417},
{"learn":[85337.26737],"iteration":331,"passed_time":0.5638104731,"remaining_time":1.134413843},
{"learn":[85278.87875],"iteration":332,"passed_time":0.5652034735,"remaining_time":1.132104255},
{"learn":[85235.72153],"iteration":333,"passed_time":0.5665858419,"remaining_time":1.129778954},
{"learn":[85167.92356],"iteration":334,"passed_time":0.5679625683,"remaining_time":1.127448083},
{"learn":[85077.21225],"iteration":335,"passed_time":0.5705777798,"remaining_time":1.127570374},
{"learn":[84978.6057],"iteration":336,"passed_time":0.5733447488,"remaining_time":1.127974981},
{"learn":[84890.59121],"iteration":337,"passed_time":0.5748411039,"remaining_time":1.125872221},
{"learn":[84817.94702],"iteration":338,"passed_time":0.5763381696,"remaining_time":1.123774425},
{"learn":[84739.95188],"iteration":339,"passed_time":0.57785096,"remaining_time":1.121710687},
{"learn":[84693.73005],"iteration":340,"passed_time":0.579233566,"remaining_time":1.119398592},
{"learn":[84605.43185],"iteration":341,"passed_time":0.580666802,"remaining_time":1.117189344},
{"learn":[84557.93477],"iteration":342,"passed_time":0.5823130636,"remaining_time":1.115392661},
{"learn":[84457.88833],"iteration":343,"passed_time":0.5839748508,"remaining_time":1.11362646},
{"learn":[84396.09073],"iteration":344,"passed_time":0.585382487,"remaining_time":1.111378345},
{"learn":[84336.6169],"iteration":345,"passed_time":0.5868046681,"remaining_time":1.109162581},
{"learn":[84273.8912],"iteration":346,"passed_time":0.5882849298,"remaining_time":1.107060689},
{"learn":[84221.91764],"iteration":347,"passed_time":0.5898042633,"remaining_time":1.105035574},
{"learn":[84117.0584],"iteration":348,"passed_time":0.591400338,"remaining_time":1.103156504},
{"learn":[84083.04386],"iteration":349,"passed_time":0.5927975715,"remaining_time":1.100909776},
{"learn":[84043.53309],"iteration":350,"passed_time":0.594148628,"remaining_time":1.098582506},
{"learn":[83943.377],"iteration":351,"passed_time":0.595750536,"remaining_time":1.096722578},
{"learn":[83885.03376],"iteration":352,"passed_time":0.5972447885,"remaining_time":1.094666794},
{"learn":[83827.61635],"iteration":353,"passed_time":0.598592892,"remaining_time":1.092347481},
{"learn":[83787.71138],"iteration":354,"passed_time":0.5999117501,"remaining_time":1.089980504},
{"learn":[83717.48503],"iteration":355,"passed_time":0.6012833176,"remaining_time":1.087714765},
{"learn":[83646.17177],"iteration":356,"passed_time":0.6027804342,"remaining_time":1.085680166},
{"learn":[83598.16349],"iteration":357,"passed_time":0.6041191018,"remaining_time":1.083364423},
{"learn":[83558.60844],"iteration":358,"passed_time":0.6054720596,"remaining_time":1.081079638},
{"learn":[83456.07667],"iteration":359,"passed_time":0.6068690793,"remaining_time":1.078878363},
{"learn":[83416.06063],"iteration":360,"passed_time":0.6081799181,"remaining_time":1.076528996},
{"learn":[83311.59335],"iteration":361,"passed_time":0.6104294071,"remaining_time":1.075839673},
{"learn":[83267.45947],"iteration":362,"passed_time":0.611788486,"remaining_time":1.073579244},
{"learn":[83214.07566],"iteration":363,"passed_time":0.6131221914,"remaining_time":1.071279433},
{"learn":[83147.19439],"iteration":364,"passed_time":0.6153804552,"remaining_time":1.070593395},
{"learn":[83046.28391],"iteration":365,"passed_time":0.6168224836,"remaining_time":1.068484849},
{"learn":[82977.44744],"iteration":366,"passed_time":0.618274911,"remaining_time":1.066397871},
{"learn":[82895.63502],"iteration":367,"passed_time":0.6196778551,"remaining_time":1.06422936},
{"learn":[82821.04787],"iteration":368,"passed_time":0.6211129753,"remaining_time":1.06212002},
{"learn":[82781.16009],"iteration":369,"passed_time":0.6225527213,"remaining_time":1.060022201},
{"learn":[82684.32623],"iteration":370,"passed_time":0.623977809,"remaining_time":1.057903078},
{"learn":[82622.08186],"iteration":371,"passed_time":0.6253244065,"remaining_time":1.055655181},
{"learn":[82569.66688],"iteration":372,"passed_time":0.6267123698,"remaining_time":1.053481651},
{"learn":[82520.16821],"iteration":373,"passed_time":0.6280767335,"remaining_time":1.051272821},
{"learn":[82429.48556],"iteration":374,"passed_time":0.6296502911,"remaining_time":1.049417152},
{"learn":[82341.03103],"iteration":375,"passed_time":0.631047604,"remaining_time":1.047270492},
{"learn":[82250.23786],"iteration":376,"passed_time":0.6324550019,"remaining_time":1.045144473},
{"learn":[82165.22483],"iteration":377,"passed_time":0.6338346673,"remaining_time":1.042976622},
{"learn":[82109.75257],"iteration":378,"passed_time":0.6352992561,"remaining_time":1.040952079},
{"learn":[82011.44482],"iteration":379,"passed_time":0.6367876489,"remaining_time":1.038969322},
{"learn":[81937.95292],"iteration":380,"passed_time":0.6381073797,"remaining_time":1.036715139},
{"learn":[81859.49126],"iteration":381,"passed_time":0.6394598598,"remaining_time":1.034518831},
{"learn":[81797.07126],"iteration":382,"passed_time":0.6408348802,"remaining_time":1.03236324},
{"learn":[81730.90431],"iteration":383,"passed_time":0.6422777396,"remaining_time":1.030320541},
{"learn":[81684.055],"iteration":384,"passed_time":0.6437085334,"remaining_time":1.028261683},
{"learn":[81623.65405],"iteration":385,"passed_time":0.6450650013,"remaining_time":1.026087852},
{"learn":[81552.50834],"iteration":386,"passed_time":0.6464690959,"remaining_time":1.023993684},
{"learn":[81508.73915],"iteration":387,"passed_time":0.6478501232,"remaining_time":1.021866689},
{"learn":[81481.56284],"iteration":388,"passed_time":0.6493008893,"remaining_time":1.019853068},
{"learn":[81437.86198],"iteration":389,"passed_time":0.6507331361,"remaining_time":1.017813367},
{"learn":[81394.92092],"iteration":390,"passed_time":0.6521007027,"remaining_time":1.015676031},
{"learn":[81345.10313],"iteration":391,"passed_time":0.6534535563,"remaining_time":1.013519802},
{"learn":[81285.46142],"iteration":392,"passed_time":0.6549620411,"remaining_time":1.011608038},
{"learn":[81254.34222],"iteration":393,"passed_time":0.6572665905,"remaining_time":1.010922726},
{"learn":[81204.9587],"iteration":394,"passed_time":0.6587008265,"remaining_time":1.008896203},
{"learn":[81158.53576],"iteration":395,"passed_time":0.6600586778,"remaining_time":1.006756165},
{"learn":[81074.79574],"iteration":396,"passed_time":0.6614527214,"remaining_time":1.00467504},
{"learn":[81023.18379],"iteration":397,"passed_time":0.6628947761,"remaining_time":1.002669988},
{"learn":[80983.94824],"iteration":398,"passed_time":0.6642489569,"remaining_time":1.000535396},
{"learn":[80941.6832],"iteration":399,"passed_time":0.6656269541,"remaining_time":0.9984404312},
{"learn":[80905.13029],"iteration":400,"passed_time":0.6669030265,"remaining_time":0.9961967902},
{"learn":[80835.2149],"iteration":401,"passed_time":0.6691907233,"remaining_time":0.9954628172},
{"learn":[80745.39427],"iteration":402,"passed_time":0.6706350958,"remaining_time":0.9934718417},
{"learn":[80706.79041],"iteration":403,"passed_time":0.6721979852,"remaining_time":0.9916584138},
{"learn":[80650.08486],"iteration":404,"passed_time":0.6736198376,"remaining_time":0.9896390206},
{"learn":[80589.96878],"iteration":405,"passed_time":0.6750916578,"remaining_time":0.9876956767},
{"learn":[80561.83841],"iteration":406,"passed_time":0.6766059041,"remaining_time":0.9858164647},
{"learn":[80529.41047],"iteration":407,"passed_time":0.677950125,"remaining_time":0.9836923382},
{"learn":[80464.19582],"iteration":408,"passed_time":0.6793980385,"remaining_time":0.98172186},
{"learn":[80435.00257],"iteration":409,"passed_time":0.6806872074,"remaining_time":0.9795254935},
{"learn":[80395.27886],"iteration":410,"passed_time":0.6822330881,"remaining_time":0.9777014329},
{"learn":[80350.87346],"iteration":411,"passed_time":0.6836373718,"remaining_time":0.9756766374},
{"learn":[80275.24313],"iteration":412,"passed_time":0.6850453784,"remaining_time":0.9736601383},
{"learn":[80218.04119],"iteration":413,"passed_time":0.6864098154,"remaining_time":0.9715849078},
{"learn":[80182.23907],"iteration":414,"passed_time":0.68782041,"remaining_time":0.9695781684},
{"learn":[80120.98164],"iteration":415,"passed_time":0.689371966,"remaining_time":0.967772183},
{"learn":[80082.99488],"iteration":416,"passed_time":0.6908277013,"remaining_time":0.9658334528},
{"learn":[79997.78282],"iteration":417,"passed_time":0.692689342,"remaining_time":0.9644621939},
{"learn":[79934.91021],"iteration":418,"passed_time":0.6940636942,"remaining_time":0.9624129029},
{"learn":[79906.46238],"iteration":419,"passed_time":0.6955674868,"remaining_time":0.960545577},
{"learn":[79878.9691],"iteration":420,"passed_time":0.6969097285,"remaining_time":0.9584577976},
{"learn":[79868.50399],"iteration":421,"passed_time":0.6982798221,"remaining_time":0.9564116995},
{"learn":[79798.75061],"iteration":422,"passed_time":0.6996758094,"remaining_time":0.9544041183},
{"learn":[79724.08374],"iteration":423,"passed_time":0.7011088077,"remaining_time":0.952449701},
{"learn":[79680.99536],"iteration":424,"passed_time":0.7034223804,"remaining_time":0.9516891028},
{"learn":[79612.73045],"iteration":425,"passed_time":0.7048396571,"remaining_time":0.9497135286},
{"learn":[79568.95296],"iteration":426,"passed_time":0.7061971512,"remaining_time":0.9476603457},
{"learn":[79541.4513],"iteration":427,"passed_time":0.7075306135,"remaining_time":0.9455782966},
{"learn":[79514.83309],"iteration":428,"passed_time":0.7089544042,"remaining_time":0.9436199645},
{"learn":[79470.39353],"iteration":429,"passed_time":0.7103197455,"remaining_time":0.9415866394},
{"learn":[79406.07683],"iteration":430,"passed_time":0.7117186912,"remaining_time":0.9396007779},
{"learn":[79347.11629],"iteration":431,"passed_time":0.7130833674,"remaining_time":0.9375725756},
{"learn":[79295.46127],"iteration":432,"passed_time":0.7143872393,"remaining_time":0.9354678168},
{"learn":[79267.19244],"iteration":433,"passed_time":0.7159624296,"remaining_time":0.9337205879},
{"learn":[79241.41303],"iteration":434,"passed_time":0.7173425102,"remaining_time":0.9317207316},
{"learn":[79189.72308],"iteration":435,"passed_time":0.7187291757,"remaining_time":0.9297322364},
{"learn":[79139.19062],"iteration":436,"passed_time":0.7201266121,"remaining_time":0.9277603721},
{"learn":[79092.81839],"iteration":437,"passed_time":0.7214488536,"remaining_time":0.9256946478},
{"learn":[79037.18677],"iteration":438,"passed_time":0.7229722166,"remaining_time":0.9238893246},
{"learn":[79012.27102],"iteration":439,"passed_time":0.7242862444,"remaining_time":0.9218188565},
{"learn":[78965.05473],"iteration":440,"passed_time":0.7256239444,"remaining_time":0.9197818252},
{"learn":[78924.8254],"iteration":441,"passed_time":0.7269732655,"remaining_time":0.9177626294},
{"learn":[78845.84566],"iteration":442,"passed_time":0.7283372133,"remaining_time":0.9157648484},
{"learn":[78812.08528],"iteration":443,"passed_time":0.7297125231,"remaining_time":0.9137841505},
{"learn":[78774.46789],"iteration":444,"passed_time":0.7310591946,"remaining_time":0.9117704562},
{"learn":[78703.24263],"iteration":445,"passed_time":0.73246604,"remaining_time":0.9098344981},
{"learn":[78651.49238],"iteration":446,"passed_time":0.7340326708,"remaining_time":0.9080985838},
{"learn":[78580.81868],"iteration":447,"passed_time":0.735713715,"remaining_time":0.9065043989},
{"learn":[78526.96909],"iteration":448,"passed_time":0.7372691167,"remaining_time":0.904755642},
{"learn":[78489.45011],"iteration":449,"passed_time":0.7386965624,"remaining_time":0.9028513541},
{"learn":[78419.08874],"iteration":450,"passed_time":0.7400861169,"remaining_time":0.9009030558},
{"learn":[78380.88118],"iteration":451,"passed_time":0.7426265386,"remaining_time":0.9003525291},
{"learn":[78315.67626],"iteration":452,"passed_time":0.7441086991,"remaining_time":0.8985153608},
{"learn":[78245.78961],"iteration":453,"passed_time":0.7456769789,"remaining_time":0.8967833271},
{"learn":[78196.22217],"iteration":454,"passed_time":0.747259133,"remaining_time":0.8950686318},
{"learn":[78176.51841],"iteration":455,"passed_time":0.7490740258,"remaining_time":0.8936321712},
{"learn":[78139.01998],"iteration":456,"passed_time":0.7509853095,"remaining_time":0.8923085844},
{"learn":[78078.29918],"iteration":457,"passed_time":0.7526243103,"remaining_time":0.8906602101},
{"learn":[78050.66507],"iteration":458,"passed_time":0.755072727,"remaining_time":0.8899658939},
{"learn":[77992.10592],"iteration":459,"passed_time":0.7565958677,"remaining_time":0.8881777577},
{"learn":[77963.92043],"iteration":460,"passed_time":0.7579711188,"remaining_time":0.8862178591},
{"learn":[77924.76946],"iteration":461,"passed_time":0.7593276753,"remaining_time":0.8842387215},
{"learn":[77884.77388],"iteration":462,"passed_time":0.7608354525,"remaining_time":0.8824376631},
{"learn":[77848.08528],"iteration":463,"passed_time":0.7622811006,"remaining_time":0.8805660989},
{"learn":[77822.65303],"iteration":464,"passed_time":0.7646626033,"remaining_time":0.8797731028},
{"learn":[77801.40581],"iteration":465,"passed_time":0.7662837314,"remaining_time":0.8781019583},
{"learn":[77732.30012],"iteration":466,"passed_time":0.7680710994,"remaining_time":0.8766207622},
{"learn":[77694.65941],"iteration":467,"passed_time":0.7704277841,"remaining_time":0.8757854298},
{"learn":[77644.18966],"iteration":468,"passed_time":0.7718389706,"remaining_time":0.8738731202},
{"learn":[77589.32105],"iteration":469,"passed_time":0.7732393985,"remaining_time":0.8719508111},
{"learn":[77548.86137],"iteration":470,"passed_time":0.7746107074,"remaining_time":0.8699980132},
{"learn":[77518.36665],"iteration":471,"passed_time":0.7773199741,"remaining_time":0.8695443778},
{"learn":[77481.0031],"iteration":472,"passed_time":0.7788394411,"remaining_time":0.8677555718},
{"learn":[77419.37649],"iteration":473,"passed_time":0.7802962374,"remaining_time":0.8658983562},
{"learn":[77376.17383],"iteration":474,"passed_time":0.7819898495,"remaining_time":0.8643045705},
{"learn":[77340.44817],"iteration":475,"passed_time":0.7836632394,"remaining_time":0.8626881039},
{"learn":[77238.88496],"iteration":476,"passed_time":0.7894583,"remaining_time":0.8655905469},
{"learn":[77175.90113],"iteration":477,"passed_time":0.7915613392,"remaining_time":0.8644247261},
{"learn":[77143.8219],"iteration":478,"passed_time":0.7929986377,"remaining_time":0.8625308773},
{"learn":[77077.24278],"iteration":479,"passed_time":0.796858865,"remaining_time":0.8632637704},
{"learn":[77042.01531],"iteration":480,"passed_time":0.7984244418,"remaining_time":0.8615016327},
{"learn":[76985.50446],"iteration":481,"passed_time":0.7999306349,"remaining_time":0.8596764915},
{"learn":[76931.48467],"iteration":482,"passed_time":0.801763703,"remaining_time":0.8582025558},
{"learn":[76871.01322],"iteration":483,"passed_time":0.8033080498,"remaining_time":0.8564193258},
{"learn":[76809.7142],"iteration":484,"passed_time":0.8047650567,"remaining_time":0.8545443385},
{"learn":[76802.84446],"iteration":485,"passed_time":0.8060748623,"remaining_time":0.8525153893},
{"learn":[76754.45642],"iteration":486,"passed_time":0.8081971439,"remaining_time":0.851345246},
{"learn":[76718.56921],"iteration":487,"passed_time":0.8097183378,"remaining_time":0.8495405511},
{"learn":[76664.31325],"iteration":488,"passed_time":0.8111003312,"remaining_time":0.8475915527},
{"learn":[76628.27479],"iteration":489,"passed_time":0.8125281188,"remaining_time":0.8456925318},
{"learn":[76569.07151],"iteration":490,"passed_time":0.8139118445,"remaining_time":0.8437497533},
{"learn":[76510.34504],"iteration":491,"passed_time":0.8163835815,"remaining_time":0.842932641},
{"learn":[76457.36037],"iteration":492,"passed_time":0.8178533631,"remaining_time":0.8410784079},
{"learn":[76412.74906],"iteration":493,"passed_time":0.8192871747,"remaining_time":0.8391888874},
{"learn":[76381.60988],"iteration":494,"passed_time":0.8211630678,"remaining_time":0.8377522207},
{"learn":[76327.4294],"iteration":495,"passed_time":0.8228215386,"remaining_time":0.8360928537},
{"learn":[76292.17707],"iteration":496,"passed_time":0.8242271486,"remaining_time":0.834177577},
{"learn":[76261.51086],"iteration":497,"passed_time":0.8255931288,"remaining_time":0.832224399},
{"learn":[76212.25507],"iteration":498,"passed_time":0.8269772056,"remaining_time":0.8302917435},
{"learn":[76162.89687],"iteration":499,"passed_time":0.828638144,"remaining_time":0.828638144},
{"learn":[76104.95551],"iteration":500,"passed_time":0.8301544868,"remaining_time":0.8268404968},
{"learn":[76034.98003],"iteration":501,"passed_time":0.8315191067,"remaining_time":0.8248934564},
{"learn":[75952.54457],"iteration":502,"passed_time":0.8329582964,"remaining_time":0.8230224121},
{"learn":[75897.23231],"iteration":503,"passed_time":0.8349979842,"remaining_time":0.821744048},
{"learn":[75839.79199],"iteration":504,"passed_time":0.8364673963,"remaining_time":0.8199036855},
{"learn":[75749.43475],"iteration":505,"passed_time":0.8378651876,"remaining_time":0.8179948669},
{"learn":[75692.66313],"iteration":506,"passed_time":0.8393327887,"remaining_time":0.8161559464},
{"learn":[75647.68847],"iteration":507,"passed_time":0.8407814545,"remaining_time":0.8143001488},
{"learn":[75631.88327],"iteration":508,"passed_time":0.8431167703,"remaining_time":0.813301246},
{"learn":[75591.76232],"iteration":509,"passed_time":0.8445214274,"remaining_time":0.81140294},
{"learn":[75511.69675],"iteration":510,"passed_time":0.8458951221,"remaining_time":0.8094769368},
{"learn":[75434.60382],"iteration":511,"passed_time":0.8473060277,"remaining_time":0.8075885577},
{"learn":[75396.04727],"iteration":512,"passed_time":0.8496921655,"remaining_time":0.8066278453},
{"learn":[75320.00128],"iteration":513,"passed_time":0.8510713163,"remaining_time":0.8047094548},
{"learn":[75313.97505],"iteration":514,"passed_time":0.8528192374,"remaining_time":0.8031404469},
{"learn":[75262.06813],"iteration":515,"passed_time":0.8542253791,"remaining_time":0.8012501618},
{"learn":[75232.77393],"iteration":516,"passed_time":0.8557603146,"remaining_time":0.7994820734},
{"learn":[75192.62019],"iteration":517,"passed_time":0.8571901091,"remaining_time":0.7976170514},
{"learn":[75127.7925],"iteration":518,"passed_time":0.858584037,"remaining_time":0.7957204659},
{"learn":[75071.56695],"iteration":519,"passed_time":0.8599528892,"remaining_time":0.7938026669},
{"learn":[75050.95235],"iteration":520,"passed_time":0.8613750008,"remaining_time":0.7919359413},
{"learn":[75006.21816],"iteration":521,"passed_time":0.8628511606,"remaining_time":0.7901204114},
{"learn":[74959.0728],"iteration":522,"passed_time":0.864291564,"remaining_time":0.7882735679},
{"learn":[74902.73622],"iteration":523,"passed_time":0.8656674439,"remaining_time":0.7863696628},
{"learn":[74846.38287],"iteration":524,"passed_time":0.8670007365,"remaining_time":0.7844292378},
{"learn":[74802.70838],"iteration":525,"passed_time":0.8684891147,"remaining_time":0.7826308752},
{"learn":[74775.3374],"iteration":526,"passed_time":0.8699425791,"remaining_time":0.7808023528},
{"learn":[74747.92878],"iteration":527,"passed_time":0.8712944736,"remaining_time":0.7788844537},
{"learn":[74709.07661],"iteration":528,"passed_time":0.8726478326,"remaining_time":0.7769699984},
{"learn":[74675.31348],"iteration":529,"passed_time":0.8740014247,"remaining_time":0.7750578672},
{"learn":[74640.39591],"iteration":530,"passed_time":0.8754395372,"remaining_time":0.7732224914},
{"learn":[74611.82636],"iteration":531,"passed_time":0.8769139053,"remaining_time":0.7714205031},
{"learn":[74565.34348],"iteration":532,"passed_time":0.878345395,"remaining_time":0.7695821754},
{"learn":[74509.2588],"iteration":533,"passed_time":0.8797812575,"remaining_time":0.7677491873},
{"learn":[74455.48192],"iteration":534,"passed_time":0.8811546051,"remaining_time":0.7658633483},
{"learn":[74450.38229],"iteration":535,"passed_time":0.8825375098,"remaining_time":0.763987695},
{"learn":[74387.16203],"iteration":536,"passed_time":0.883978765,"remaining_time":0.7621641866},
{"learn":[74332.06337],"iteration":537,"passed_time":0.8853495601,"remaining_time":0.7602815925},
{"learn":[74287.70204],"iteration":538,"passed_time":0.886971739,"remaining_time":0.758615903},
{"learn":[74249.29154],"iteration":539,"passed_time":0.8885586046,"remaining_time":0.7569202928},
{"learn":[74203.66417],"iteration":540,"passed_time":0.8900633702,"remaining_time":0.7551554287},
{"learn":[74174.8061],"iteration":541,"passed_time":0.8913998039,"remaining_time":0.7532492808},
{"learn":[74146.223],"iteration":542,"passed_time":0.8927652626,"remaining_time":0.7513696593},
{"learn":[74094.9811],"iteration":543,"passed_time":0.8941864413,"remaining_time":0.7495386346},
{"learn":[74054.56681],"iteration":544,"passed_time":0.8956666752,"remaining_time":0.7477584169},
{"learn":[74012.68934],"iteration":545,"passed_time":0.8970456138,"remaining_time":0.7458950708},
{"learn":[73982.87937],"iteration":546,"passed_time":0.8983991094,"remaining_time":0.7440124251},
{"learn":[73952.8647],"iteration":547,"passed_time":0.8998095512,"remaining_time":0.7421786809},
{"learn":[73897.79085],"iteration":548,"passed_time":0.9022712403,"remaining_time":0.7412100718},
{"learn":[73844.17378],"iteration":549,"passed_time":0.9036719576,"remaining_time":0.7393679653},
{"learn":[73819.11449],"iteration":550,"passed_time":0.9050909712,"remaining_time":0.7375423704},
{"learn":[73770.68493],"iteration":551,"passed_time":0.9066510457,"remaining_time":0.7358327328},
{"learn":[73743.11327],"iteration":552,"passed_time":0.9083063074,"remaining_time":0.7342005776},
{"learn":[73718.93923],"iteration":553,"passed_time":0.9098011177,"remaining_time":0.732439167},
{"learn":[73714.24381],"iteration":554,"passed_time":0.911071295,"remaining_time":0.7304986059},
{"learn":[73667.60213],"iteration":555,"passed_time":0.9124217389,"remaining_time":0.7286245541},
{"learn":[73621.58228],"iteration":556,"passed_time":0.9138083797,"remaining_time":0.7267811709},
{"learn":[73568.75822],"iteration":557,"passed_time":0.915257027,"remaining_time":0.7249885411},
{"learn":[73518.32353],"iteration":558,"passed_time":0.9168787376,"remaining_time":0.7233336731},
{"learn":[73500.11223],"iteration":559,"passed_time":0.9181864706,"remaining_time":0.7214322269},
{"learn":[73474.21815],"iteration":560,"passed_time":0.9194975192,"remaining_time":0.7195354919},
{"learn":[73461.03654],"iteration":561,"passed_time":0.920878086,"remaining_time":0.7176950207},
{"learn":[73437.37366],"iteration":562,"passed_time":0.9222337297,"remaining_time":0.7158368382},
{"learn":[73390.64107],"iteration":563,"passed_time":0.9240972215,"remaining_time":0.7143730294},
{"learn":[73354.88037],"iteration":564,"passed_time":0.9255735086,"remaining_time":0.7126096925},
{"learn":[73325.22165],"iteration":565,"passed_time":0.9273440679,"remaining_time":0.7110730132},
{"learn":[73251.01714],"iteration":566,"passed_time":0.9291642416,"remaining_time":0.7095733979},
{"learn":[73218.00019],"iteration":567,"passed_time":0.9306815312,"remaining_time":0.7078422913},
{"learn":[73172.88115],"iteration":568,"passed_time":0.9321158806,"remaining_time":0.7060491116},
{"learn":[73128.70071],"iteration":569,"passed_time":0.9334509208,"remaining_time":0.7041822736},
{"learn":[73105.01752],"iteration":570,"passed_time":0.9350437663,"remaining_time":0.7025109908},
{"learn":[73057.58151],"iteration":571,"passed_time":0.9364337196,"remaining_time":0.7006881678},
{"learn":[73017.05069],"iteration":572,"passed_time":0.9379162081,"remaining_time":0.698935813},
{"learn":[72985.36935],"iteration":573,"passed_time":0.9392369412,"remaining_time":0.6970643501},
{"learn":[72926.26283],"iteration":574,"passed_time":0.9418671049,"remaining_time":0.6961626427},
{"learn":[72886.5928],"iteration":575,"passed_time":0.9436066339,"remaining_time":0.6945993277},
{"learn":[72848.28016],"iteration":576,"passed_time":0.9453393319,"remaining_time":0.6930303941},
{"learn":[72822.87313],"iteration":577,"passed_time":0.9470106647,"remaining_time":0.6914160908},
{"learn":[72816.05861],"iteration":578,"passed_time":0.9484354307,"remaining_time":0.689622308},
{"learn":[72775.656],"iteration":579,"passed_time":0.9499157409,"remaining_time":0.6878700193},
{"learn":[72734.58434],"iteration":580,"passed_time":0.9513080731,"remaining_time":0.6860552197},
{"learn":[72694.80609],"iteration":581,"passed_time":0.9527724365,"remaining_time":0.6842936056},
{"learn":[72691.5067],"iteration":582,"passed_time":0.9540745769,"remaining_time":0.6824169787},
{"learn":[72641.66081],"iteration":583,"passed_time":0.9555815423,"remaining_time":0.6806882219},
{"learn":[72623.19376],"iteration":584,"passed_time":0.9570585046,"remaining_time":0.6789389391},
{"learn":[72598.39379],"iteration":585,"passed_time":0.9587171822,"remaining_time":0.6773189649},
{"learn":[72562.61602],"iteration":586,"passed_time":0.9602696609,"remaining_time":0.6756241396},
{"learn":[72539.62137],"iteration":587,"passed_time":0.9616853451,"remaining_time":0.6738339493},
{"learn":[72476.40109],"iteration":588,"passed_time":0.9631628768,"remaining_time":0.6720881874},
{"learn":[72443.71679],"iteration":589,"passed_time":0.9645309257,"remaining_time":0.6702672534},
{"learn":[72419.11963],"iteration":590,"passed_time":0.9658614729,"remaining_time":0.6684218992},
{"learn":[72362.19679],"iteration":591,"passed_time":0.9679282789,"remaining_time":0.6670857057},
{"learn":[72317.01526],"iteration":592,"passed_time":0.9695410821,"remaining_time":0.6654354476},
{"learn":[72256.11669],"iteration":593,"passed_time":0.9712448154,"remaining_time":0.6638474664},
{"learn":[72174.87426],"iteration":594,"passed_time":0.972754294,"remaining_time":0.6621268724},
{"learn":[72119.29931],"iteration":595,"passed_time":0.9743530176,"remaining_time":0.6604674817},
{"learn":[72107.89467],"iteration":596,"passed_time":0.9762876734,"remaining_time":0.6590350626},
{"learn":[72077.47051],"iteration":597,"passed_time":0.9777766248,"remaining_time":0.6573013431},
{"learn":[72045.49628],"iteration":598,"passed_time":0.9793073126,"remaining_time":0.6555963812},
{"learn":[72002.40219],"iteration":599,"passed_time":0.9815050367,"remaining_time":0.6543366912},
{"learn":[71975.21755],"iteration":600,"passed_time":0.9833810896,"remaining_time":0.652860324},
{"learn":[71940.51235],"iteration":601,"passed_time":0.9848683327,"remaining_time":0.6511255755},
{"learn":[71907.06818],"iteration":602,"passed_time":0.9864889785,"remaining_time":0.6494794767},
{"learn":[71862.00778],"iteration":603,"passed_time":0.9882050746,"remaining_time":0.6478960423},
{"learn":[71813.7593],"iteration":604,"passed_time":0.9898166485,"remaining_time":0.6462439276},
{"learn":[71778.40462],"iteration":605,"passed_time":0.9912884981,"remaining_time":0.6445011027},
{"learn":[71728.04667],"iteration":606,"passed_time":0.9927060295,"remaining_time":0.6427240026},
{"learn":[71699.51585],"iteration":607,"passed_time":0.9942200598,"remaining_time":0.6410103017},
{"learn":[71673.69338],"iteration":608,"passed_time":0.995714384,"remaining_time":0.6392846045},
{"learn":[71624.43123],"iteration":609,"passed_time":0.9972666482,"remaining_time":0.6375967095},
{"learn":[71581.33208],"iteration":610,"passed_time":0.9986239147,"remaining_time":0.635785111},
{"learn":[71540.5057],"iteration":611,"passed_time":1.000112887,"remaining_time":0.634058497},
{"learn":[71489.80445],"iteration":612,"passed_time":1.001756747,"remaining_time":0.6324304425},
{"learn":[71437.78134],"iteration":613,"passed_time":1.003367317,"remaining_time":0.6307814081},
{"learn":[71419.07998],"iteration":614,"passed_time":1.004902809,"remaining_time":0.629085498},
{"learn":[71405.92925],"iteration":615,"passed_time":1.00626594,"remaining_time":0.6272826639},
{"learn":[71383.80176],"iteration":616,"passed_time":1.008048438,"remaining_time":0.6257415752},
{"learn":[71330.25653],"iteration":617,"passed_time":1.009564631,"remaining_time":0.6240350958},
{"learn":[71301.95063],"iteration":618,"passed_time":1.011011895,"remaining_time":0.6222868042},
{"learn":[71270.83386],"iteration":619,"passed_time":1.012466539,"remaining_time":0.6205440076},
{"learn":[71213.54792],"iteration":620,"passed_time":1.014979111,"remaining_time":0.6194477987},
{"learn":[71183.17073],"iteration":621,"passed_time":1.016399719,"remaining_time":0.6176834303},
{"learn":[71149.11202],"iteration":622,"passed_time":1.017832539,"remaining_time":0.6159275555},
{"learn":[71142.27514],"iteration":623,"passed_time":1.019256896,"remaining_time":0.6141676171},
{"learn":[71109.36135],"iteration":624,"passed_time":1.020977422,"remaining_time":0.6125864529},
{"learn":[71079.17253],"iteration":625,"passed_time":1.02230284,"remaining_time":0.6107687893},
{"learn":[71023.57952],"iteration":626,"passed_time":1.023709,"remaining_time":0.6090007289},
{"learn":[70987.69094],"iteration":627,"passed_time":1.025158185,"remaining_time":0.6072593071},
{"learn":[70950.09417],"iteration":628,"passed_time":1.027559848,"remaining_time":0.6060806101},
{"learn":[70930.35849],"iteration":629,"passed_time":1.029018488,"remaining_time":0.6043441914},
{"learn":[70912.79072],"iteration":630,"passed_time":1.030444205,"remaining_time":0.6025894006},
{"learn":[70875.16648],"iteration":631,"passed_time":1.031857694,"remaining_time":0.6008285309},
{"learn":[70841.60758],"iteration":632,"passed_time":1.033243023,"remaining_time":0.5990524322},
{"learn":[70809.4658],"iteration":633,"passed_time":1.034820867,"remaining_time":0.5973887021},
{"learn":[70788.24762],"iteration":634,"passed_time":1.036302796,"remaining_time":0.5956701113},
{"learn":[70756.73468],"iteration":635,"passed_time":1.037727509,"remaining_time":0.5939195178},
{"learn":[70726.91569],"iteration":636,"passed_time":1.039129199,"remaining_time":0.5921568275},
{"learn":[70690.09818],"iteration":637,"passed_time":1.041534778,"remaining_time":0.590964874},
{"learn":[70651.96361],"iteration":638,"passed_time":1.04301004,"remaining_time":0.5892435434},
{"learn":[70608.82262],"iteration":639,"passed_time":1.044463608,"remaining_time":0.5875107796},
{"learn":[70571.2746],"iteration":640,"passed_time":1.04605867,"remaining_time":0.5858581321},
{"learn":[70524.61618],"iteration":641,"passed_time":1.048817729,"remaining_time":0.5848547461},
{"learn":[70494.83125],"iteration":642,"passed_time":1.050320484,"remaining_time":0.5831483868},
{"learn":[70470.60451],"iteration":643,"passed_time":1.051785934,"remaining_time":0.5814220382},
{"learn":[70436.95605],"iteration":644,"passed_time":1.053243278,"remaining_time":0.5796920365},
{"learn":[70432.92479],"iteration":645,"passed_time":1.054750576,"remaining_time":0.577990254},
{"learn":[70399.54506],"iteration":646,"passed_time":1.056179397,"remaining_time":0.5762462554},
{"learn":[70340.1721],"iteration":647,"passed_time":1.057573368,"remaining_time":0.5744842984},
{"learn":[70335.18082],"iteration":648,"passed_time":1.058971515,"remaining_time":0.5727257348},
{"learn":[70285.83756],"iteration":649,"passed_time":1.060430884,"remaining_time":0.5710012453},
{"learn":[70259.8389],"iteration":650,"passed_time":1.061923559,"remaining_time":0.5692954254},
{"learn":[70228.24332],"iteration":651,"passed_time":1.063645961,"remaining_time":0.5677128749},
{"learn":[70205.64553],"iteration":652,"passed_time":1.065042308,"remaining_time":0.5659566322},
{"learn":[70156.95753],"iteration":653,"passed_time":1.066599511,"remaining_time":0.5642865916},
{"learn":[70110.90856],"iteration":654,"passed_time":1.068634598,"remaining_time":0.5628686051},
{"learn":[70083.3317],"iteration":655,"passed_time":1.070094432,"remaining_time":0.5611470803},
{"learn":[70044.51461],"iteration":656,"passed_time":1.071431315,"remaining_time":0.5593621629},
{"learn":[70025.59362],"iteration":657,"passed_time":1.072793075,"remaining_time":0.5575915372},
{"learn":[69993.65821],"iteration":658,"passed_time":1.074492535,"remaining_time":0.5559968958},
{"learn":[69965.11929],"iteration":659,"passed_time":1.075973282,"remaining_time":0.5542892667},
{"learn":[69937.30478],"iteration":660,"passed_time":1.077336516,"remaining_time":0.5525220557},
{"learn":[69932.2902],"iteration":661,"passed_time":1.078622676,"remaining_time":0.5507167138},
{"learn":[69898.07574],"iteration":662,"passed_time":1.080199932,"remaining_time":0.5490609006},
{"learn":[69844.63664],"iteration":663,"passed_time":1.081761708,"remaining_time":0.5473974908},
{"learn":[69807.11899],"iteration":664,"passed_time":1.083141036,"remaining_time":0.5456424769},
{"learn":[69781.74118],"iteration":665,"passed_time":1.084528792,"remaining_time":0.5438928176},
{"learn":[69739.56588],"iteration":666,"passed_time":1.085988313,"remaining_time":0.5421800722},
{"learn":[69710.98466],"iteration":667,"passed_time":1.088447632,"remaining_time":0.5409649909},
{"learn":[69673.45291],"iteration":668,"passed_time":1.089898678,"remaining_time":0.5392473282},
{"learn":[69642.33932],"iteration":669,"passed_time":1.091263152,"remaining_time":0.537487821},
{"learn":[69621.21808],"iteration":670,"passed_time":1.0926246,"remaining_time":0.5357280082},
{"learn":[69594.80534],"iteration":671,"passed_time":1.095063603,"remaining_time":0.5344953298},
{"learn":[69574.4639],"iteration":672,"passed_time":1.096562647,"remaining_time":0.5328023558},
{"learn":[69548.96025],"iteration":673,"passed_time":1.098073757,"remaining_time":0.5311157935},
{"learn":[69520.00358],"iteration":674,"passed_time":1.099415102,"remaining_time":0.5293480118},
{"learn":[69515.65329],"iteration":675,"passed_time":1.10087409,"remaining_time":0.5276378774},
{"learn":[69483.13619],"iteration":676,"passed_time":1.102265313,"remaining_time":0.5258961535},
{"learn":[69453.21617],"iteration":677,"passed_time":1.103677252,"remaining_time":0.5241653026},
{"learn":[69419.05327],"iteration":678,"passed_time":1.105102612,"remaining_time":0.5224417357},
{"learn":[69363.07444],"iteration":679,"passed_time":1.106567827,"remaining_time":0.5207378008},
{"learn":[69318.72303],"iteration":680,"passed_time":1.108988928,"remaining_time":0.5194823317},
{"learn":[69272.39712],"iteration":681,"passed_time":1.110434238,"remaining_time":0.5177684569},
{"learn":[69271.55769],"iteration":682,"passed_time":1.111699344,"remaining_time":0.5159717307},
{"learn":[69236.81534],"iteration":683,"passed_time":1.113584196,"remaining_time":0.5144628743},
{"learn":[69203.61743],"iteration":684,"passed_time":1.115095033,"remaining_time":0.5127809275},
{"learn":[69178.74377],"iteration":685,"passed_time":1.116498423,"remaining_time":0.5110502986},
{"learn":[69144.82921],"iteration":686,"passed_time":1.117869029,"remaining_time":0.5093056857},
{"learn":[69119.80645],"iteration":687,"passed_time":1.119529057,"remaining_time":0.5076934095},
{"learn":[69085.11035],"iteration":688,"passed_time":1.121999885,"remaining_time":0.5064469727},
{"learn":[69061.25714],"iteration":689,"passed_time":1.123622808,"remaining_time":0.504816044},
{"learn":[69027.04057],"iteration":690,"passed_time":1.124916497,"remaining_time":0.5030379124},
{"learn":[69005.9326],"iteration":691,"passed_time":1.126245725,"remaining_time":0.5012769991},
{"learn":[68983.79101],"iteration":692,"passed_time":1.129074063,"remaining_time":0.5001814393},
{"learn":[68952.02551],"iteration":693,"passed_time":1.13051764,"remaining_time":0.4984703137},
{"learn":[68927.7335],"iteration":694,"passed_time":1.132412439,"remaining_time":0.4969579767},
{"learn":[68896.06503],"iteration":695,"passed_time":1.134112765,"remaining_time":0.4953595984},
{"learn":[68852.21032],"iteration":696,"passed_time":1.135860504,"remaining_time":0.4937815392},
{"learn":[68818.76729],"iteration":697,"passed_time":1.137432584,"remaining_time":0.4921269921},
{"learn":[68791.88676],"iteration":698,"passed_time":1.138803025,"remaining_time":0.4903858521},
{"learn":[68757.06311],"iteration":699,"passed_time":1.140590797,"remaining_time":0.4888246272},
{"learn":[68708.59766],"iteration":700,"passed_time":1.142183274,"remaining_time":0.4871794565},
{"learn":[68704.93844],"iteration":701,"passed_time":1.143678804,"remaining_time":0.4854932813},
{"learn":[68674.66191],"iteration":702,"passed_time":1.145108352,"remaining_time":0.4837797732},
{"learn":[68644.62906],"iteration":703,"passed_time":1.146822583,"remaining_time":0.4821867679},
{"learn":[68603.43851],"iteration":704,"passed_time":1.148392004,"remaining_time":0.4805328244},
{"learn":[68569.76104],"iteration":705,"passed_time":1.149743408,"remaining_time":0.4787883314},
{"learn":[68541.45498],"iteration":706,"passed_time":1.151374805,"remaining_time":0.4771609872},
{"learn":[68518.76198],"iteration":707,"passed_time":1.153638335,"remaining_time":0.4757943417},
{"learn":[68492.20477],"iteration":708,"passed_time":1.155287271,"remaining_time":0.4741729139},
{"learn":[68461.54927],"iteration":709,"passed_time":1.156862789,"remaining_time":0.4725214208},
{"learn":[68427.81185],"iteration":710,"passed_time":1.15844136,"remaining_time":0.4708713824},
{"learn":[68403.81177],"iteration":711,"passed_time":1.160139769,"remaining_time":0.4692700188},
{"learn":[68375.29377],"iteration":712,"passed_time":1.162072793,"remaining_time":0.4677628215},
{"learn":[68371.15142],"iteration":713,"passed_time":1.163499832,"remaining_time":0.4660517533},
{"learn":[68346.56784],"iteration":714,"passed_time":1.164926991,"remaining_time":0.464341528},
{"learn":[68322.16825],"iteration":715,"passed_time":1.166489605,"remaining_time":0.462685821},
{"learn":[68254.54896],"iteration":716,"passed_time":1.168254377,"remaining_time":0.4611101657},
{"learn":[68207.23865],"iteration":717,"passed_time":1.169784861,"remaining_time":0.4594419648},
{"learn":[68156.73521],"iteration":718,"passed_time":1.171389761,"remaining_time":0.4578032307},
{"learn":[68131.9533],"iteration":719,"passed_time":1.172864822,"remaining_time":0.4561140974},
{"learn":[68116.34231],"iteration":720,"passed_time":1.175328136,"remaining_time":0.454807975},
{"learn":[68096.94111],"iteration":721,"passed_time":1.176698318,"remaining_time":0.4530777459},
{"learn":[68081.6099],"iteration":722,"passed_time":1.178147087,"remaining_time":0.4513786211},
{"learn":[68044.89634],"iteration":723,"passed_time":1.17974672,"remaining_time":0.4497377},
{"learn":[68020.99853],"iteration":724,"passed_time":1.181600246,"remaining_time":0.4481931967},
{"learn":[68000.63193],"iteration":725,"passed_time":1.183256713,"remaining_time":0.4465734702},
{"learn":[67968.92624],"iteration":726,"passed_time":1.184871422,"remaining_time":0.4449379617},
{"learn":[67929.4138],"iteration":727,"passed_time":1.186642615,"remaining_time":0.4433609769},
{"learn":[67897.61217],"iteration":728,"passed_time":1.188224769,"remaining_time":0.4417131856},
{"learn":[67853.97448],"iteration":729,"passed_time":1.189751987,"remaining_time":0.4400452556},
{"learn":[67823.56428],"iteration":730,"passed_time":1.191215476,"remaining_time":0.4383542585},
{"learn":[67805.34662],"iteration":731,"passed_time":1.193120269,"remaining_time":0.4368254536},
{"learn":[67778.98823],"iteration":732,"passed_time":1.194652392,"remaining_time":0.4351598753},
{"learn":[67762.25399],"iteration":733,"passed_time":1.196094278,"remaining_time":0.4334619591},
{"learn":[67733.3498],"iteration":734,"passed_time":1.197484052,"remaining_time":0.4317459506},
{"learn":[67708.3594],"iteration":735,"passed_time":1.198915878,"remaining_time":0.4300459127},
{"learn":[67688.53486],"iteration":736,"passed_time":1.200669708,"remaining_time":0.4284615104},
{"learn":[67672.39733],"iteration":737,"passed_time":1.202078481,"remaining_time":0.426754149},
{"learn":[67644.72513],"iteration":738,"passed_time":1.203442186,"remaining_time":0.4250316785},
{"learn":[67626.14791],"iteration":739,"passed_time":1.20488129,"remaining_time":0.4233366696},
{"learn":[67582.84432],"iteration":740,"passed_time":1.207094459,"remaining_time":0.4219129081},
{"learn":[67560.95385],"iteration":741,"passed_time":1.20855493,"remaining_time":0.420225299},
{"learn":[67536.53968],"iteration":742,"passed_time":1.209910847,"remaining_time":0.4185021367},
{"learn":[67515.26263],"iteration":743,"passed_time":1.211235804,"remaining_time":0.416769309},
{"learn":[67478.69404],"iteration":744,"passed_time":1.212916429,"remaining_time":0.4151593145},
{"learn":[67449.61511],"iteration":745,"passed_time":1.214432494,"remaining_time":0.4134931013},
{"learn":[67404.8442],"iteration":746,"passed_time":1.215855934,"remaining_time":0.4117959188},
{"learn":[67362.50007],"iteration":747,"passed_time":1.217298512,"remaining_time":0.4101059158},
{"learn":[67324.62784],"iteration":748,"passed_time":1.218872258,"remaining_time":0.4084605296},
{"learn":[67278.10172],"iteration":749,"passed_time":1.221387353,"remaining_time":0.4071291176},
{"learn":[67243.16104],"iteration":750,"passed_time":1.222936683,"remaining_time":0.4054743462},
{"learn":[67205.37671],"iteration":751,"passed_time":1.224264479,"remaining_time":0.4037467963},
{"learn":[67164.80469],"iteration":752,"passed_time":1.227138358,"remaining_time":0.4025274562},
{"learn":[67121.3319],"iteration":753,"passed_time":1.228635775,"remaining_time":0.4008546429},
{"learn":[67098.30782],"iteration":754,"passed_time":1.230035366,"remaining_time":0.3991505492},
{"learn":[67075.01519],"iteration":755,"passed_time":1.231357357,"remaining_time":0.3974222157},
{"learn":[67044.09671],"iteration":756,"passed_time":1.23277699,"remaining_time":0.3957262993},
{"learn":[67019.91547],"iteration":757,"passed_time":1.235236099,"remaining_time":0.3943629762},
{"learn":[66992.50148],"iteration":758,"passed_time":1.236558424,"remaining_time":0.3926358105},
{"learn":[66967.43552],"iteration":759,"passed_time":1.237933612,"remaining_time":0.3909264039},
{"learn":[66954.03277],"iteration":760,"passed_time":1.239297672,"remaining_time":0.3892143806},
{"learn":[66929.00257],"iteration":761,"passed_time":1.241317415,"remaining_time":0.3877080641},
{"learn":[66892.93135],"iteration":762,"passed_time":1.242769611,"remaining_time":0.3860241123},
{"learn":[66868.66475],"iteration":763,"passed_time":1.244312037,"remaining_time":0.3843686397},
{"learn":[66852.95925],"iteration":764,"passed_time":1.245676529,"remaining_time":0.3826588031},
{"learn":[66825.70447],"iteration":765,"passed_time":1.247260254,"remaining_time":0.3810168399},
{"learn":[66806.89819],"iteration":766,"passed_time":1.248770971,"remaining_time":0.3793528503},
{"learn":[66781.23881],"iteration":767,"passed_time":1.250192145,"remaining_time":0.3776622104},
{"learn":[66752.95301],"iteration":768,"passed_time":1.251583753,"remaining_time":0.3759633899},
{"learn":[66722.94814],"iteration":769,"passed_time":1.254952866,"remaining_time":0.374856051},
{"learn":[66678.3645],"iteration":770,"passed_time":1.256360341,"remaining_time":0.3731602052},
{"learn":[66640.85813],"iteration":771,"passed_time":1.257700626,"remaining_time":0.3714452625},
{"learn":[66625.05183],"iteration":772,"passed_time":1.259226313,"remaining_time":0.369785735},
{"learn":[66601.26518],"iteration":773,"passed_time":1.260771852,"remaining_time":0.3681323496},
{"learn":[66564.54941],"iteration":774,"passed_time":1.262143885,"remaining_time":0.3664288698},
{"learn":[66535.09833],"iteration":775,"passed_time":1.263688158,"remaining_time":0.364775963},
{"learn":[66531.64539],"iteration":776,"passed_time":1.265076828,"remaining_time":0.3630786777},
{"learn":[66490.3782],"iteration":777,"passed_time":1.267696657,"remaining_time":0.3617334935},
{"learn":[66446.77626],"iteration":778,"passed_time":1.269134228,"remaining_time":0.3600496334},
{"learn":[66417.7307],"iteration":779,"passed_time":1.270526857,"remaining_time":0.358353729},
{"learn":[66396.97653],"iteration":780,"passed_time":1.271994678,"remaining_time":0.3566796855},
{"learn":[66367.73511],"iteration":781,"passed_time":1.273515946,"remaining_time":0.3550210695},
{"learn":[66342.73497],"iteration":782,"passed_time":1.274993572,"remaining_time":0.353350709},
{"learn":[66321.45622],"iteration":783,"passed_time":1.276303011,"remaining_time":0.3516345029},
{"learn":[66292.81836],"iteration":784,"passed_time":1.277651987,"remaining_time":0.349930162},
{"learn":[66273.43369],"iteration":785,"passed_time":1.279129005,"remaining_time":0.3482615867},
{"learn":[66235.55787],"iteration":786,"passed_time":1.280631992,"remaining_time":0.3466005263},
{"learn":[66215.44613],"iteration":787,"passed_time":1.282030439,"remaining_time":0.3449117424},
{"learn":[66176.53268],"iteration":788,"passed_time":1.283488982,"remaining_time":0.3432397658},
{"learn":[66143.96647],"iteration":789,"passed_time":1.284878191,"remaining_time":0.341549899},
{"learn":[66131.61744],"iteration":790,"passed_time":1.287111458,"remaining_time":0.3400838113},
{"learn":[66114.08217],"iteration":791,"passed_time":1.288606508,"remaining_time":0.3384219111},
{"learn":[66093.97601],"iteration":792,"passed_time":1.290076597,"remaining_time":0.3367539163},
{"learn":[66065.98683],"iteration":793,"passed_time":1.291396622,"remaining_time":0.3350474863},
{"learn":[66043.13061],"iteration":794,"passed_time":1.29332888,"remaining_time":0.3334999},
{"learn":[66016.11873],"iteration":795,"passed_time":1.29474363,"remaining_time":0.3318187193},
{"learn":[65989.09598],"iteration":796,"passed_time":1.296139956,"remaining_time":0.3301335145},
{"learn":[65943.61445],"iteration":797,"passed_time":1.297488753,"remaining_time":0.3284370027},
{"learn":[65918.9751],"iteration":798,"passed_time":1.298872105,"remaining_time":0.3267500539},
{"learn":[65896.04191],"iteration":799,"passed_time":1.300404778,"remaining_time":0.3251011945},
{"learn":[65853.61678],"iteration":800,"passed_time":1.301870272,"remaining_time":0.3234359352},
{"learn":[65798.92995],"iteration":801,"passed_time":1.303356866,"remaining_time":0.3217763834},
{"learn":[65778.24641],"iteration":802,"passed_time":1.30475421,"remaining_time":0.3200953665},
{"learn":[65758.44494],"iteration":803,"passed_time":1.306211643,"remaining_time":0.3184297039},
{"learn":[65730.56017],"iteration":804,"passed_time":1.308601771,"remaining_time":0.3169904911},
{"learn":[65693.16815],"iteration":805,"passed_time":1.309976461,"remaining_time":0.315304508},
{"learn":[65657.77693],"iteration":806,"passed_time":1.311529879,"remaining_time":0.3136620405},
{"learn":[65644.3888],"iteration":807,"passed_time":1.313165381,"remaining_time":0.3120392984},
{"learn":[65614.10528],"iteration":808,"passed_time":1.316911432,"remaining_time":0.3109148126},
{"learn":[65596.31923],"iteration":809,"passed_time":1.318452563,"remaining_time":0.3092666506},
{"learn":[65571.48511],"iteration":810,"passed_time":1.320290191,"remaining_time":0.3076878498},
{"learn":[65536.48243],"iteration":811,"passed_time":1.32323753,"remaining_time":0.3063653395},
{"learn":[65494.1525],"iteration":812,"passed_time":1.325029344,"remaining_time":0.3047730472},
{"learn":[65471.89694],"iteration":813,"passed_time":1.32694856,"remaining_time":0.3032093761},
{"learn":[65420.8108],"iteration":814,"passed_time":1.328555056,"remaining_time":0.3015738471},
{"learn":[65394.93154],"iteration":815,"passed_time":1.330106612,"remaining_time":0.2999260007},
{"learn":[65391.24042],"iteration":816,"passed_time":1.331402407,"remaining_time":0.2982211021},
{"learn":[65380.32062],"iteration":817,"passed_time":1.332965225,"remaining_time":0.2965766148},
{"learn":[65361.91928],"iteration":818,"passed_time":1.335592537,"remaining_time":0.2951675814},
{"learn":[65342.34793],"iteration":819,"passed_time":1.337287558,"remaining_time":0.2935509273},
{"learn":[65326.73518],"iteration":820,"passed_time":1.339417539,"remaining_time":0.2920289154},
{"learn":[65293.94957],"iteration":821,"passed_time":1.341033412,"remaining_time":0.2903940965},
{"learn":[65263.01183],"iteration":822,"passed_time":1.342488086,"remaining_time":0.2887246553},
{"learn":[65233.63575],"iteration":823,"passed_time":1.344111446,"remaining_time":0.2870917651},
{"learn":[65216.00023],"iteration":824,"passed_time":1.348118235,"remaining_time":0.2859644741},
{"learn":[65201.17729],"iteration":825,"passed_time":1.34955785,"remaining_time":0.2842894261},
{"learn":[65173.81815],"iteration":826,"passed_time":1.350981572,"remaining_time":0.2826116226},
{"learn":[65154.44891],"iteration":827,"passed_time":1.35267907,"remaining_time":0.2809913045},
{"learn":[65124.82211],"iteration":828,"passed_time":1.35442353,"remaining_time":0.2793804869},
{"learn":[65101.61725],"iteration":829,"passed_time":1.356088327,"remaining_time":0.2777530309},
{"learn":[65073.18522],"iteration":830,"passed_time":1.357650572,"remaining_time":0.276104629},
{"learn":[65071.77789],"iteration":831,"passed_time":1.3602814,"remaining_time":0.2746722057},
{"learn":[65030.07888],"iteration":832,"passed_time":1.361765559,"remaining_time":0.2730070207},
{"learn":[65016.22118],"iteration":833,"passed_time":1.363133296,"remaining_time":0.2713190972},
{"learn":[65002.10162],"iteration":834,"passed_time":1.364475672,"remaining_time":0.2696269291},
{"learn":[64957.20384],"iteration":835,"passed_time":1.365995533,"remaining_time":0.2679704156},
{"learn":[64933.15308],"iteration":836,"passed_time":1.367439754,"remaining_time":0.2662994982},
{"learn":[64916.02638],"iteration":837,"passed_time":1.368804438,"remaining_time":0.2646137458},
{"learn":[64898.90751],"iteration":838,"passed_time":1.370185763,"remaining_time":0.2629319522},
{"learn":[64873.20465],"iteration":839,"passed_time":1.371531256,"remaining_time":0.2612440487},
{"learn":[64860.58947],"iteration":840,"passed_time":1.373775128,"remaining_time":0.2597268077},
{"learn":[64828.33926],"iteration":841,"passed_time":1.375175188,"remaining_time":0.2580495009},
{"learn":[64795.33908],"iteration":842,"passed_time":1.376562301,"remaining_time":0.2563704403},
{"learn":[64776.51415],"iteration":843,"passed_time":1.377929412,"remaining_time":0.2546883747},
{"learn":[64752.8236],"iteration":844,"passed_time":1.379323723,"remaining_time":0.2530120438},
{"learn":[64737.05269],"iteration":845,"passed_time":1.381629987,"remaining_time":0.2515023853},
{"learn":[64702.4262],"iteration":846,"passed_time":1.383030043,"remaining_time":0.2498271507},
{"learn":[64690.5122],"iteration":847,"passed_time":1.384434953,"remaining_time":0.2481534351},
{"learn":[64665.68721],"iteration":848,"passed_time":1.385857713,"remaining_time":0.2464835273},
{"learn":[64631.84755],"iteration":849,"passed_time":1.388379454,"remaining_time":0.245008139},
{"learn":[64596.38664],"iteration":850,"passed_time":1.38980842,"remaining_time":0.2433389596},
{"learn":[64567.89992],"iteration":851,"passed_time":1.391163757,"remaining_time":0.241657554},
{"learn":[64543.01009],"iteration":852,"passed_time":1.392743706,"remaining_time":0.240015621},
{"learn":[64514.32044],"iteration":853,"passed_time":1.394116996,"remaining_time":0.2383385028},
{"learn":[64503.79922],"iteration":854,"passed_time":1.395494373,"remaining_time":0.2366627884},
{"learn":[64478.81067],"iteration":855,"passed_time":1.396894856,"remaining_time":0.234991658},
{"learn":[64452.27133],"iteration":856,"passed_time":1.398451315,"remaining_time":0.2333471856},
{"learn":[64414.68811],"iteration":857,"passed_time":1.399998035,"remaining_time":0.2317013064},
{"learn":[64392.40919],"iteration":858,"passed_time":1.4013338,"remaining_time":0.2300210312},
{"learn":[64372.88664],"iteration":859,"passed_time":1.402700554,"remaining_time":0.2283466019},
{"learn":[64353.45434],"iteration":860,"passed_time":1.404008972,"remaining_time":0.2266634693},
{"learn":[64331.29541],"iteration":861,"passed_time":1.406245489,"remaining_time":0.2251297882},
{"learn":[64320.03029],"iteration":862,"passed_time":1.407685583,"remaining_time":0.2234680474},
{"learn":[64305.93781],"iteration":863,"passed_time":1.40900443,"remaining_time":0.2217877343},
{"learn":[64276.9066],"iteration":864,"passed_time":1.410478905,"remaining_time":0.2201325459},
{"learn":[64248.8497],"iteration":865,"passed_time":1.411953465,"remaining_time":0.218477788},
{"learn":[64227.59618],"iteration":866,"passed_time":1.414440936,"remaining_time":0.2169788287},
{"learn":[64205.12871],"iteration":867,"passed_time":1.415903538,"remaining_time":0.2153217362},
{"learn":[64178.22735],"iteration":868,"passed_time":1.41735836,"remaining_time":0.2136639184},
{"learn":[64158.10862],"iteration":869,"passed_time":1.418754274,"remaining_time":0.211997765},
{"learn":[64108.81293],"iteration":870,"passed_time":1.420352928,"remaining_time":0.2103622591},
{"learn":[64091.64834],"iteration":871,"passed_time":1.421734708,"remaining_time":0.2086950031},
{"learn":[64068.9028],"iteration":872,"passed_time":1.423099604,"remaining_time":0.2070259446},
{"learn":[64032.83759],"iteration":873,"passed_time":1.424515775,"remaining_time":0.2053649744},
{"learn":[64008.52732],"iteration":874,"passed_time":1.426298984,"remaining_time":0.2037569977},
{"learn":[63980.56204],"iteration":875,"passed_time":1.427783035,"remaining_time":0.2021062743},
{"learn":[63969.98343],"iteration":876,"passed_time":1.429165233,"remaining_time":0.2004416462},
{"learn":[63953.11078],"iteration":877,"passed_time":1.430523642,"remaining_time":0.1987743557},
{"learn":[63940.68663],"iteration":878,"passed_time":1.431837059,"remaining_time":0.1971015746},
{"learn":[63909.3442],"iteration":879,"passed_time":1.433324025,"remaining_time":0.1954532761},
{"learn":[63906.79206],"iteration":880,"passed_time":1.434683074,"remaining_time":0.1937880657},
{"learn":[63862.41281],"iteration":881,"passed_time":1.436103563,"remaining_time":0.1921317692},
{"learn":[63854.25429],"iteration":882,"passed_time":1.437496707,"remaining_time":0.1904723836},
{"learn":[63827.03812],"iteration":883,"passed_time":1.439101979,"remaining_time":0.1888414362},
{"learn":[63807.40925],"iteration":884,"passed_time":1.44057094,"remaining_time":0.187192834},
{"learn":[63779.83406],"iteration":885,"passed_time":1.442107211,"remaining_time":0.1855532981},
{"learn":[63762.88529],"iteration":886,"passed_time":1.443402075,"remaining_time":0.1838832407},
{"learn":[63760.04307],"iteration":887,"passed_time":1.444708631,"remaining_time":0.182215503},
{"learn":[63733.13484],"iteration":888,"passed_time":1.446449286,"remaining_time":0.1806027792},
{"learn":[63719.21053],"iteration":889,"passed_time":1.447893097,"remaining_time":0.1789530795},
{"learn":[63688.80568],"iteration":890,"passed_time":1.449297845,"remaining_time":0.1772990629},
{"learn":[63670.33947],"iteration":891,"passed_time":1.450719395,"remaining_time":0.1756476397},
{"learn":[63639.94934],"iteration":892,"passed_time":1.453206095,"remaining_time":0.1741243586},
{"learn":[63620.7632],"iteration":893,"passed_time":1.454658031,"remaining_time":0.1724762318},
{"learn":[63584.70688],"iteration":894,"passed_time":1.456099783,"remaining_time":0.1708273488},
{"learn":[63565.97641],"iteration":895,"passed_time":1.45743659,"remaining_time":0.1691667471},
{"learn":[63534.40961],"iteration":896,"passed_time":1.458928011,"remaining_time":0.1675246211},
{"learn":[63503.91518],"iteration":897,"passed_time":1.460411569,"remaining_time":0.1658819376},
{"learn":[63500.78725],"iteration":898,"passed_time":1.461691416,"remaining_time":0.164216722},
{"learn":[63480.75058],"iteration":899,"passed_time":1.46310506,"remaining_time":0.1625672289},
{"learn":[63459.00665],"iteration":900,"passed_time":1.464496674,"remaining_time":0.1609158388},
{"learn":[63437.31439],"iteration":901,"passed_time":1.465891929,"remaining_time":0.1592654202},
{"learn":[63408.47504],"iteration":902,"passed_time":1.467292398,"remaining_time":0.1576161269},
{"learn":[63378.77549],"iteration":903,"passed_time":1.468777302,"remaining_time":0.1559763506},
{"learn":[63341.87124],"iteration":904,"passed_time":1.470173792,"remaining_time":0.1543276356},
{"learn":[63309.97459],"iteration":905,"passed_time":1.471558012,"remaining_time":0.1526782044},
{"learn":[63278.97125],"iteration":906,"passed_time":1.473125994,"remaining_time":0.1510482001},
{"learn":[63253.17585],"iteration":907,"passed_time":1.474518367,"remaining_time":0.1494005394},
{"learn":[63234.24975],"iteration":908,"passed_time":1.475938187,"remaining_time":0.1477561881},
{"learn":[63210.76865],"iteration":909,"passed_time":1.47725268,"remaining_time":0.1461019134},
{"learn":[63197.86662],"iteration":910,"passed_time":1.47866566,"remaining_time":0.1444580063},
{"learn":[63181.95523],"iteration":911,"passed_time":1.481065744,"remaining_time":0.1429098525},
{"learn":[63149.58783],"iteration":912,"passed_time":1.482495975,"remaining_time":0.1412674149},
{"learn":[63132.81072],"iteration":913,"passed_time":1.483927455,"remaining_time":0.1396255592},
{"learn":[63115.14322],"iteration":914,"passed_time":1.485336763,"remaining_time":0.1379821036},
{"learn":[63088.47044],"iteration":915,"passed_time":1.486960106,"remaining_time":0.136358787},
{"learn":[63072.16449],"iteration":916,"passed_time":1.488415728,"remaining_time":0.1347202894},
{"learn":[63056.80087],"iteration":917,"passed_time":1.489801866,"remaining_time":0.1330759836},
{"learn":[63040.53579],"iteration":918,"passed_time":1.491174577,"remaining_time":0.1314310563},
{"learn":[63025.59348],"iteration":919,"passed_time":1.493503304,"remaining_time":0.1298698526},
{"learn":[62995.47692],"iteration":920,"passed_time":1.494970959,"remaining_time":0.1282331224},
{"learn":[62981.83269],"iteration":921,"passed_time":1.496314366,"remaining_time":0.1265862479},
{"learn":[62968.91339],"iteration":922,"passed_time":1.49770311,"remaining_time":0.1249438131},
{"learn":[62954.14565],"iteration":923,"passed_time":1.499207969,"remaining_time":0.123311478},
{"learn":[62936.3257],"iteration":924,"passed_time":1.500708454,"remaining_time":0.1216790639},
{"learn":[62922.80286],"iteration":925,"passed_time":1.502055803,"remaining_time":0.120034697},
{"learn":[62902.17846],"iteration":926,"passed_time":1.503472421,"remaining_time":0.1183964258},
{"learn":[62886.69411],"iteration":927,"passed_time":1.505057807,"remaining_time":0.1167717264},
{"learn":[62858.4146],"iteration":928,"passed_time":1.506823894,"remaining_time":0.1151609219},
{"learn":[62839.64768],"iteration":929,"passed_time":1.508251747,"remaining_time":0.113524325},
{"learn":[62799.51739],"iteration":930,"passed_time":1.50972138,"remaining_time":0.1118912731},
{"learn":[62760.55883],"iteration":931,"passed_time":1.511147157,"remaining_time":0.110255372},
{"learn":[62738.36296],"iteration":932,"passed_time":1.512662417,"remaining_time":0.1086263472},
{"learn":[62722.46572],"iteration":933,"passed_time":1.514184512,"remaining_time":0.106998049},
{"learn":[62692.67216],"iteration":934,"passed_time":1.515667747,"remaining_time":0.1053672765},
{"learn":[62657.40965],"iteration":935,"passed_time":1.51717471,"remaining_time":0.1037384417},
{"learn":[62648.54007],"iteration":936,"passed_time":1.519697148,"remaining_time":0.1021781434},
{"learn":[62627.46411],"iteration":937,"passed_time":1.521524087,"remaining_time":0.1005698224},
{"learn":[62607.90744],"iteration":938,"passed_time":1.523003974,"remaining_time":0.09893849031},
{"learn":[62582.53783],"iteration":939,"passed_time":1.524398067,"remaining_time":0.09730200427},
{"learn":[62564.37476],"iteration":940,"passed_time":1.526042579,"remaining_time":0.09568173451},
{"learn":[62550.86185],"iteration":941,"passed_time":1.527523911,"remaining_time":0.09405136608},
{"learn":[62505.7567],"iteration":942,"passed_time":1.528968747,"remaining_time":0.0924191077},
{"learn":[62473.22129],"iteration":943,"passed_time":1.530346857,"remaining_time":0.0907832881},
{"learn":[62448.97964],"iteration":944,"passed_time":1.531933605,"remaining_time":0.08916015689},
{"learn":[62424.18832],"iteration":945,"passed_time":1.534248251,"remaining_time":0.08757865279},
{"learn":[62400.38111],"iteration":946,"passed_time":1.535648446,"remaining_time":0.08594442203},
{"learn":[62377.05926],"iteration":947,"passed_time":1.537339449,"remaining_time":0.08432663644},
{"learn":[62355.56227],"iteration":948,"passed_time":1.539027147,"remaining_time":0.08270851895},
{"learn":[62334.02522],"iteration":949,"passed_time":1.540688216,"remaining_time":0.08108885345},
{"learn":[62307.5961],"iteration":950,"passed_time":1.542526212,"remaining_time":0.07947821702},
{"learn":[62292.30087],"iteration":951,"passed_time":1.544005016,"remaining_time":0.0778489924},
{"learn":[62265.81274],"iteration":952,"passed_time":1.546661924,"remaining_time":0.07627818515},
{"learn":[62247.06201],"iteration":953,"passed_time":1.548246216,"remaining_time":0.07465338147},
{"learn":[62231.06938],"iteration":954,"passed_time":1.549690389,"remaining_time":0.07302206023},
{"learn":[62218.27206],"iteration":955,"passed_time":1.551227739,"remaining_time":0.07139541896},
{"learn":[62198.96355],"iteration":956,"passed_time":1.552739999,"remaining_time":0.06976783693},
{"learn":[62175.58843],"iteration":957,"passed_time":1.554125892,"remaining_time":0.06813495559},
{"learn":[62173.03559],"iteration":958,"passed_time":1.555389844,"remaining_time":0.06649737601},
{"learn":[62159.86152],"iteration":959,"passed_time":1.556735484,"remaining_time":0.06486397851},
{"learn":[62137.55353],"iteration":960,"passed_time":1.55814381,"remaining_time":0.06323372384},
{"learn":[62118.53403],"iteration":961,"passed_time":1.559659552,"remaining_time":0.06160817358},
{"learn":[62095.72164],"iteration":962,"passed_time":1.561145673,"remaining_time":0.05998171328},
{"learn":[62086.66201],"iteration":963,"passed_time":1.562495978,"remaining_time":0.05835047222},
{"learn":[62064.08817],"iteration":964,"passed_time":1.563886284,"remaining_time":0.05672126417},
{"learn":[62037.26214],"iteration":965,"passed_time":1.566185608,"remaining_time":0.05512454522},
{"learn":[62021.04432],"iteration":966,"passed_time":1.567614422,"remaining_time":0.05349666591},
{"learn":[62002.06623],"iteration":967,"passed_time":1.569024482,"remaining_time":0.05186857792},
{"learn":[61978.6316],"iteration":968,"passed_time":1.570405183,"remaining_time":0.0502400007},
{"learn":[61956.06212],"iteration":969,"passed_time":1.571927943,"remaining_time":0.04861632815},
{"learn":[61945.15431],"iteration":970,"passed_time":1.57347594,"remaining_time":0.04699361716},
{"learn":[61915.47796],"iteration":971,"passed_time":1.574990747,"remaining_time":0.04537010383},
{"learn":[61892.34426],"iteration":972,"passed_time":1.576385326,"remaining_time":0.04374347769},
{"learn":[61844.80374],"iteration":973,"passed_time":1.577717758,"remaining_time":0.0421156691},
{"learn":[61828.9354],"iteration":974,"passed_time":1.579254379,"remaining_time":0.04049370203},
{"learn":[61795.32913],"iteration":975,"passed_time":1.580860582,"remaining_time":0.03887362087},
{"learn":[61775.08049],"iteration":976,"passed_time":1.582230381,"remaining_time":0.03724800283},
{"learn":[61756.72798],"iteration":977,"passed_time":1.583490615,"remaining_time":0.03562044329},
{"learn":[61739.99881],"iteration":978,"passed_time":1.585080427,"remaining_time":0.03400070374},
{"learn":[61712.85608],"iteration":979,"passed_time":1.587528121,"remaining_time":0.03239853307},
{"learn":[61689.44411],"iteration":980,"passed_time":1.588930753,"remaining_time":0.03077439786},
{"learn":[61677.85664],"iteration":981,"passed_time":1.590278204,"remaining_time":0.02914970231},
{"learn":[61666.01988],"iteration":982,"passed_time":1.591680262,"remaining_time":0.02752651521},
{"learn":[61651.16246],"iteration":983,"passed_time":1.593195408,"remaining_time":0.02590561639},
{"learn":[61631.35769],"iteration":984,"passed_time":1.5946679,"remaining_time":0.02428428275},
{"learn":[61604.47577],"iteration":985,"passed_time":1.596084488,"remaining_time":0.02266245723},
{"learn":[61575.16585],"iteration":986,"passed_time":1.597452702,"remaining_time":0.02104041046},
{"learn":[61543.17896],"iteration":987,"passed_time":1.599865231,"remaining_time":0.01943156151},
{"learn":[61522.25688],"iteration":988,"passed_time":1.601340509,"remaining_time":0.01781066289},
{"learn":[61505.32904],"iteration":989,"passed_time":1.602719463,"remaining_time":0.01618908549},
{"learn":[61487.72123],"iteration":990,"passed_time":1.604162954,"remaining_time":0.01456858384},
{"learn":[61470.18063],"iteration":991,"passed_time":1.605770981,"remaining_time":0.01294976598},
{"learn":[61456.10376],"iteration":992,"passed_time":1.607200281,"remaining_time":0.01132970994},
{"learn":[61428.83081],"iteration":993,"passed_time":1.608602865,"remaining_time":0.00970987645},
{"learn":[61414.13577],"iteration":994,"passed_time":1.610047124,"remaining_time":0.008090689063},
{"learn":[61392.31287],"iteration":995,"passed_time":1.611433848,"remaining_time":0.006471621878},
{"learn":[61361.30688],"iteration":996,"passed_time":1.612964877,"remaining_time":0.004853454997},
{"learn":[61338.7757],"iteration":997,"passed_time":1.614469832,"remaining_time":0.003235410485},
{"learn":[61318.41394],"iteration":998,"passed_time":1.615907326,"remaining_time":0.001617524851},
{"learn":[61309.90096],"iteration":999,"passed_time":1.617269469,"remaining_time":0}
]}